,Customer_ID,Name,Age,Address
0,445757,Nathaniel Harris,32,"62738 Tran Lock Suite 952
New Anna, NY 57569"
1,909676,John Burton,59,"327 Michelle Views
Kylemouth, CT 72413"
0,705056,Dustin Sanchez,49,"34869 Wright Street
Lake Jenna, RI 06146"
1,206714,Andrew Russell,35,"0572 Brown Locks
Reedton, WI 39989"
0,827727,John Jenkins,38,"46330 Colon Lodge Apt. 745
Lake Brian, WA 14503"
1,184269,James Cole,37,"PSC 4715, Box 1423
APO AE 13820"
0,838577,Emily Baker,20,"219 Taylor Path
Whitetown, PA 85416"
1,769562,Charlotte Klein,37,"PSC 1418, Box 3644
APO AP 66398"
0,476996,Anne Brooks,33,"74905 Osborne Walk
Wardbury, MA 21829"
1,871844,Amanda Thompson,24,"USS Rose
FPO AP 37438"
0,888691,Brian Myers,39,"USNS Jimenez
FPO AA 41112"
1,616685,Summer Dawson,29,"USCGC Maldonado
FPO AP 29931"
0,955274,Amy House,54,"8155 Porter Locks
Villegaston, DC 67094"
1,841104,Angel Randolph,50,"686 Julie Orchard Apt. 693
West Travis, CA 55066"
0,945133,John Baird,35,"4756 Salinas Causeway Suite 043
Lake Zachary, VT 57906"
1,107391,Suzanne Johnson,56,"4151 Dustin Mountain Suite 382
Garciafurt, ND 99913"
0,587758,Kristina Harrison,28,"717 Parker Ways Apt. 621
Jessicashire, KS 55038"
1,895622,Justin Robertson,25,"579 Moran Union
North Mark, NE 76443"
0,981367,Kristen Montgomery,33,"51415 Melissa Skyway
Morganland, AK 17598"
1,207888,Amy Vazquez,49,"605 Jensen Brook Suite 086
Figueroamouth, AR 35717"
0,452420,Pamela Smith,26,"560 Cunningham Place Apt. 414
Lake Michael, AR 22543"
1,160597,Lisa Tran,47,"897 Randolph Place
New Robertton, KS 51269"
0,326190,Jennifer Webster,21,"714 Diane Canyon
New Allison, AK 45153"
1,626801,Daniel Miles,20,"Unit 7138 Box 7889
DPO AP 98911"
0,956258,Lori Ryan,33,"548 Gonzales Mills
East Tammy, HI 05625"
1,475302,Daniel Castillo DDS,36,"0700 Jackson Forest Suite 260
Kirktown, SC 96250"
0,340310,Mary Byrd,24,"54297 Kane Brook
Onealfurt, WI 34480"
1,807907,Mr. Andrew Turner,25,"6754 Brenda Center Apt. 134
East Daniel, WY 65473"
0,580390,Zachary Ramirez,47,"24153 Knox Circle Apt. 484
Taylorhaven, UT 57883"
1,116179,Samantha Johnson,58,"1524 Lara Hills
Seanton, SC 60082"
0,995752,Roger Gamble,20,"266 Petty Ports
South Jordan, KY 47510"
1,275627,Cindy Gibson DVM,30,"42891 Ramirez Terrace Apt. 630
South Diane, IN 78241"
0,896645,Michelle Gomez,22,"439 Jose Fork Apt. 420
Browntown, OK 41421"
1,544512,Logan Hill,39,"PSC 4851, Box 3117
APO AP 17295"
0,561462,James Carter,54,"65796 Valerie Haven Suite 215
South Joshua, TN 45576"
1,106570,Ashley Bond,29,"140 Huffman Locks
Phillipburgh, PA 64781"
0,604563,Chad Brown,36,"16538 David Spring
South Davidberg, WV 48721"
1,933545,Rachel Walton,25,"Unit 8715 Box 8907
DPO AP 11021"
0,740738,Mary Hoffman,28,"3077 Richard Throughway Suite 326
Rodriguezchester, WY 88772"
1,696434,Linda Solomon,28,"06219 Chase Knoll
Bellton, SD 36747"
0,157048,Rebecca Baxter,56,"241 Rebecca Inlet Suite 935
Port Annettemouth, NM 08526"
1,797619,Jose Vega,51,"7217 Nelson Square
Annettestad, IA 93308"
0,212956,Kristen Hall,27,"43103 Jessica Manor
Valerieshire, TN 52934"
1,714924,Rita Johnston,43,"3640 Jordan Mills
South Thomas, AL 75952"
0,505797,Deborah Miller,28,"USNS Oneal
FPO AA 53857"
1,811585,Patricia Nash,59,"77494 Johnson Union Apt. 065
East Becky, MT 18866"
0,131169,Erik Baker,46,"596 Graham Trafficway Suite 262
East Stevenview, ID 68586"
1,367552,Timothy Key,53,"323 Sean Crossing Apt. 530
Port Douglasmouth, MT 61332"
0,624390,Timothy Vasquez,35,"306 Flores Drive
Coxburgh, IA 02464"
1,893005,Heather Thomas,43,"USNS Shields
FPO AE 64329"
0,617194,Yolanda Copeland,37,"55414 Parks Shoals Suite 893
Andrewchester, ND 34532"
1,204148,Elizabeth Sanchez,28,"0945 Parker Harbor
Perkinshaven, SC 71542"
0,539433,Edward Taylor,46,"3162 Eric Squares
New Steven, CT 41989"
1,352609,Mr. David Bennett,33,"8697 Kayla Hills
New James, PA 80604"
0,243471,Jennifer Allen,24,"8630 Erin Dam
Hickmanchester, ND 02630"
1,394690,Cheyenne Hamilton,33,"58586 Smith Lakes
Lake Jeffreyborough, SC 13374"
0,611353,Nicole Hill,23,"4676 Danielle Rapids Apt. 829
Heatherside, KS 29508"
1,626698,Stanley Jordan,42,"23605 Phyllis Centers Apt. 185
Taylorbury, IN 69945"
0,495727,Steven Bridges,43,"873 Brown Falls
Jacksonmouth, IA 74472"
1,372509,Linda Smith,44,"USNS Ochoa
FPO AE 09663"
0,898278,Kristi Hernandez,39,"856 Curtis Manors
Jaimeland, OR 52711"
1,630336,Ricky Peters,55,"6953 Kendra Coves
West Maria, NM 94998"
0,248131,Casey Kline,43,"9252 Perry Burgs
New Christy, MO 63477"
1,415392,Zachary Mack,21,"36621 Kent Tunnel
Hollyport, IA 08228"
0,186699,Bryce Ferguson,53,"984 Tammie Road Suite 968
East Anitamouth, SD 38584"
1,389213,Sara Wells,29,"PSC 9895, Box 0176
APO AP 86716"
0,231908,Robert Espinoza,52,"922 William Viaduct
Riveraborough, RI 04483"
1,759436,Jill Miller,53,"32643 Miller Stream Suite 755
Barrettmouth, RI 70669"
0,657452,David Green,38,"9405 Erin Falls
Lake Jeanbury, MI 24185"
1,447514,Lisa Lewis,37,"63895 Scott Forges Apt. 366
Alanport, IL 42793"
0,496497,Bobby Wiggins,56,"PSC 0652, Box 4352
APO AA 70564"
1,976362,John Reid,44,"Unit 8320 Box 6379
DPO AA 11514"
0,584889,Andrew Williamson,22,"6653 Zavala Turnpike
South Bryan, VA 23869"
1,169492,Stephanie Miller,20,"436 Rodriguez Turnpike Apt. 708
North Timothyport, MN 45386"
0,372725,Paul Doyle,28,"8687 Krueger Vista
Brianland, NE 07267"
1,395242,Brian Guerrero,48,"05278 Morgan Mill Apt. 240
North Melissahaven, ID 50574"
0,226241,Stacy Harris,55,"665 Diane Turnpike Suite 009
Jasonburgh, NC 00788"
1,386616,Shannon Hayes,42,"Unit 2084 Box 3894
DPO AE 95790"
0,190408,Kristina Price,43,"56515 Reed Crossing Suite 067
Mullinsburgh, MN 45247"
1,695793,Krista Campos,53,"Unit 3951 Box 2599
DPO AE 09997"
0,176616,Robert Pope,47,"3105 Pratt Vista
Matthewberg, LA 94761"
1,738462,David Hill,20,"49113 Norris Well Apt. 460
Rogerland, SC 66396"
0,100593,Hannah Morrison,23,"14140 Catherine Stravenue
New Stacey, MI 40350"
1,766698,David Hogan,51,"075 Edward Flats Apt. 965
North Larryfort, KS 60308"
0,907153,Charles Chandler,57,"949 Kylie Rest Suite 254
North Brittneyfort, NM 72617"
1,515374,Michele Krueger,55,"551 Robert Field Apt. 419
Ryanfort, IN 81025"
0,718485,Chloe Black,45,"141 Rodriguez Lakes Suite 667
Port Garystad, AL 91060"
1,843589,Bruce Wilson,52,"7932 Davidson Key Suite 738
East Deanna, KS 97477"
0,529754,Mathew Shah,48,"816 Hill Common
North Tristan, PA 02755"
1,629362,Troy Adkins,38,"028 Stone Crossroad Apt. 058
New Cynthia, CO 30328"
0,635378,Matthew Anderson,59,"7398 Bryant Points
Port Heidiview, WI 10478"
1,135777,Robert Young,36,"08989 William Loaf
East Christopher, MD 46310"
0,133603,Michael Mcdonald,23,"7797 Matthew Throughway Suite 655
South Jimmy, VA 09554"
1,966762,Crystal Jones,30,"Unit 8986 Box 6463
DPO AP 38955"
0,467486,Elijah Page,57,"473 Amber Groves Apt. 439
New Jillianshire, MN 38142"
1,316138,Ariel Castro,36,"017 Rachel Green
Wadeview, NJ 71707"
0,849052,Kelly Mitchell,45,"USNS Miller
FPO AE 84595"
1,199144,Robert Lewis,41,"455 Jenkins Freeway
Hunterview, VA 87263"
0,229235,Katherine Martin,23,"USNV Brennan
FPO AA 79357"
1,758271,Michael Patterson,57,"99757 Michael Junction Apt. 654
Tranmouth, WI 75955"
0,280499,Christopher Washington,51,"52610 Burke Ways Suite 490
Lake Jesus, CA 11047"
1,151016,Susan Hall,41,"35463 Felicia Pines
Andrewsview, DC 49288"
0,897374,Christine Silva,52,"1445 Leah Summit Apt. 360
New Kevin, ND 23253"
1,248225,Philip Smith,30,"USCGC Roberson
FPO AP 26400"
0,744128,Kim Curry,37,"3501 Taylor Ramp Suite 375
Masonmouth, OK 37806"
1,954737,Joseph Davenport,35,"USS Flores
FPO AE 71908"
0,946916,Jackson Wheeler,48,"3173 Duran Wells
South Ana, SD 98583"
1,169116,Sharon Harvey,28,"018 Jeffrey Run
New Sarahville, OH 95562"
0,451447,Christopher Daniel,40,"43262 Lewis Locks Apt. 377
Jordanberg, MA 97707"
1,404438,Megan Porter,52,"38187 Miller Plain
Port Jimmy, SC 02114"
0,382303,Anne Sanchez,24,"84566 Ryan Walks
Benjaminville, WI 66957"
1,530222,Andrew Cabrera,54,"9358 Smith Vista Apt. 059
Watsonchester, NJ 59187"
0,669718,Stephanie Reyes,21,"53974 Rosario Ports Apt. 216
Lake Roger, TN 14866"
1,142943,Martin Santos,50,"72067 Hoover Spring Apt. 610
Walkerfurt, OH 07755"
0,191188,Kyle Hanson,53,"5419 Lopez Tunnel
Valeriefort, WI 31167"
1,320887,David Branch,42,"8791 Cody Mountains
New David, KS 27747"
0,645927,Mitchell Burns,29,"739 Nancy Drives
North Luis, MT 45390"
1,352754,Brian Ford,39,"7862 Johnson Square
Greenborough, ME 93953"
0,694068,William White,44,"4172 Rowland Station Suite 991
Lake Elizabethhaven, HI 01653"
1,801738,Sandra Chang,53,"20045 Craig Oval
East Rachel, GA 92995"
0,648205,Benjamin Ortiz,57,"Unit 8179 Box 0518
DPO AE 75703"
1,353818,Peter Davis,44,"139 Raymond Plaza Suite 939
Sandersville, MA 00874"
0,636119,Tracy Richardson,47,"6941 Timothy Village Apt. 323
Kevinview, SC 34668"
1,699586,Jason Briggs,27,"PSC 6278, Box 3225
APO AP 45607"
0,372658,Tracey Trevino,46,"9743 Samantha Shores Suite 520
Maryland, UT 44066"
1,792708,Michael Johns,48,"87630 Michelle Parks Suite 834
Ayalamouth, MO 12111"
0,819563,James Vasquez,22,"923 Andrew Burg
Maryburgh, NM 55743"
1,751477,William Martin,47,"899 Luis Turnpike
Ronaldside, VA 89527"
0,702347,Jeremy Ballard,49,"90431 Brandon Camp
New Brenda, NJ 69982"
1,204787,Patrick Hamilton,28,"76422 White Rapids
Lake Mariastad, TN 98275"
0,435433,Laura Gardner,30,"7499 James Lodge Suite 486
Dominguezland, OR 51247"
1,688289,Stephanie Jackson,21,"USNV Miller
FPO AE 42694"
0,819388,Joseph Smith,35,"8651 Chelsea Radial
West Thomas, WI 83498"
1,610933,Alison Evans,54,"28329 William Meadow Suite 679
South Devonfurt, PA 30027"
0,694421,Melissa Knapp,49,"599 Patricia Rue
Lake Randybury, TX 27994"
1,458394,Dwayne Cabrera,43,"67816 Singh Motorway Suite 437
Jasonstad, MS 78332"
0,760785,Jackson Roberts,38,"6326 David Drive
Hensonchester, NH 96856"
1,989490,William Conley,24,"41340 Sparks Freeway
Jacksonstad, RI 18447"
0,168473,Paul Perez,32,"80229 Melissa Plains Apt. 083
Brownfurt, AL 47784"
1,790353,Jonathan Harris,40,"20749 Pamela Glen Apt. 368
Yvonnebury, CO 13982"
0,366599,Courtney Clark,42,"07385 Alison Skyway
New Stacyfort, SD 65600"
1,217034,Kendra Spence,55,"USS Gutierrez
FPO AE 12075"
0,205062,Michael Hunter,40,"53777 William Avenue
East Nicoleport, CA 51498"
1,235608,Sarah Pitts,48,"USCGC Miller
FPO AP 93690"
0,130911,Michael Blair,24,"83069 Charles Station
New Charlesside, ME 28240"
1,451495,Stephanie White,29,"427 Smith Estates Suite 839
North Joseph, CT 25934"
0,975153,Cory Pollard,52,"528 Miller Mission Suite 126
West Edgar, TX 75119"
1,758960,Robin Fowler,40,"USNS Lawrence
FPO AP 61230"
0,252262,Sarah Garcia,42,"677 Bennett Expressway
Williamsberg, AK 00527"
1,245341,John Chavez,20,"44251 Nash Highway Apt. 118
Wardfort, SC 63559"
0,737446,Elizabeth Brown,50,"4252 Aaron Locks
Burtonbury, MT 29080"
1,953459,Kevin Hicks,34,"4240 Brandon Mount Suite 224
Michaelshire, WI 63176"
0,866705,Joyce Brown,51,"42256 Reilly Plains
East William, NY 02120"
1,344052,Stephanie Gordon,21,"Unit 2402 Box 9960
DPO AP 77776"
0,952750,Carrie Clark,59,"3608 Lisa Tunnel Apt. 322
South Sonyachester, CO 53935"
1,897981,Holly Andersen,55,"595 Pierce Squares Apt. 294
Jasonland, RI 16991"
0,404550,Steven Davis,57,"PSC 5776, Box 6505
APO AA 45584"
1,323887,Lynn Jones MD,47,"44986 Robert Knolls
Shawmouth, RI 85533"
0,908347,Jesse Houston,58,"249 Michelle Terrace
South Jonathan, PA 40557"
1,622814,Terry Morgan,51,"097 Jones Cove
West Kendra, NV 41314"
0,753920,Lisa Smith,37,"6240 Hopkins Spring
Jamieberg, CA 08635"
1,106864,Nicole Patel,29,"411 Carrillo Cliff
Fernandezchester, MA 22109"
0,984404,James Hawkins II,53,"PSC 4432, Box 1937
APO AA 76085"
1,911152,David French,27,"73308 Mark Lodge Suite 481
Port Kristen, SD 85488"
0,180461,Kimberly Gomez,22,"25084 Omar Junction Suite 428
Anthonyville, LA 97270"
1,185830,John Smith,34,"84511 Mikayla Run
Lake Lisahaven, MI 37182"
0,448620,William Guzman,48,"678 Martinez View Apt. 016
Mcgeefort, VA 99829"
1,308497,Kevin Reyes,46,"3953 Reese Walk
North Kennethtown, ND 96491"
0,230465,Donna Acosta,41,"USCGC Ho
FPO AE 25460"
1,636111,Larry Howell,25,"889 Kristy Rapids Suite 227
East Richard, VT 88682"
0,336816,Daniel Santana,43,"61602 Karl Loop
North Jamiebury, UT 72369"
1,653864,Jimmy Greene,54,"943 Marissa Flat Apt. 841
South Michelle, MA 44069"
0,558657,Connor Weber,52,"42993 Gross Junctions
West Aaron, KS 12953"
1,859914,Monica Barnes,42,"6387 Andrea Neck
West Gregory, IL 27198"
0,300189,Tammy Moore,55,"00633 Ellis Drive Apt. 217
South Tony, IL 99493"
1,893002,Eric Lawrence,57,"925 Jo Square Suite 213
Lake Joshuaton, AR 82289"
0,654020,Ronald Huber,21,"45028 Liu Cliff
West John, AK 79752"
1,503680,Jennifer Taylor,28,"678 Jeanne Meadow Suite 474
Johnmouth, SD 26493"
0,520038,Kathleen Payne,53,"3806 Patricia Cliff Apt. 093
Navarroview, DC 67669"
1,172827,Caitlin Gregory,20,"1206 David Union
Cynthiaberg, NH 98414"
0,656696,Bruce Miller,39,"USNS Davidson
FPO AA 97477"
1,647389,Robert Scott,20,"97433 Stewart Camp
Lake Michaelmouth, DE 29546"
0,197415,Diana Hall,32,"5357 Flores Summit Suite 518
West Courtney, GA 19767"
1,284121,Christine Obrien,25,"93669 Jake Island
Darrenhaven, MA 76037"
0,638220,Nicole Davies,37,"2167 Gonzalez Vista Suite 596
East Davidborough, AZ 48606"
1,596261,Robin King,24,"177 Edward Ville Suite 978
Simmonsberg, CT 43494"
0,403195,Marissa Ferguson,46,"441 Ramirez Land
Port Dustinville, AL 99813"
1,152011,Victoria Hall,43,"USCGC English
FPO AE 08479"
0,490803,Travis Medina,51,"01770 Blake Route Suite 964
New Christina, NY 06115"
1,177605,Mary Johnson,25,"511 Harold Parkway
Marthatown, FL 70821"
0,843125,Mrs. Miranda Miller,26,"750 Lane Hill
Laurenland, HI 13700"
1,528096,Dennis Small,44,"26971 Julia Fall
New Audreyberg, UT 12650"
0,364467,Miranda Washington,40,"0819 Rodriguez Alley
Davisside, WV 35948"
1,437764,Michael Warren,32,"2244 John Extensions
Stevenside, HI 09476"
0,657779,Jasmine Greene,56,"33091 Alvarez Islands
East Charleshaven, ID 58029"
1,382003,Andrew Middleton,26,"47440 Williams Extension
Joshuachester, LA 66889"
0,346104,Jeffery Ross,51,"82343 Hurst Roads Suite 369
Jasonland, OH 36692"
1,321479,Paul Murray,25,"53576 Tammy Highway Apt. 529
West Alanland, ME 31144"
0,254325,Andre Rodriguez,53,"28583 Joseph Street
Sheriport, WI 69762"
1,795213,Grace Holt,52,"0440 Jones Port Apt. 381
Michaelside, VA 81118"
0,615063,Kerry Dorsey,27,"84957 Christine Roads Suite 848
Allisonborough, VA 13970"
1,742745,Scott Harding,47,"9992 Kerry Springs Suite 889
Kimton, NM 10323"
0,553808,Christine Gill,46,"40817 Drake Knoll Suite 318
Kathrynborough, SC 04205"
1,187276,Joshua Henry,32,"703 Claudia Ranch Suite 905
South Austinhaven, WA 09526"
0,744383,Linda Miranda,25,"5331 Corey Union Suite 760
Wrightchester, NC 90905"
1,758456,Timothy Smith,50,"3117 Anthony Way Suite 266
Jenniferton, NV 57146"
0,966884,Todd Miller,45,"4936 James Parkways Apt. 315
Moodyton, ND 23846"
1,368405,Brittany Johnson,42,"Unit 0897 Box 2848
DPO AP 64796"
0,980962,Edgar Freeman,23,"564 Monica Crossing
North Edwardshire, LA 79692"
1,481151,Walter Lee,27,"52016 Orozco Village Apt. 027
West Brooke, NV 70035"
0,599680,Tyler Coleman,40,"168 Rachael Cliffs Apt. 288
East Jesse, TX 05875"
1,264004,Erin Hansen,54,"5562 Carrillo Mews Suite 760
North Jaime, WA 27545"
0,404130,Emma Reynolds,23,"4849 Ortiz Locks
Port Williamport, ME 28475"
1,618669,David Bailey,28,"32667 Jessica Gardens
East Garyshire, AZ 56060"
0,932468,Joseph Pearson,27,"8921 Cox Camp
Lake Kimberly, NV 21917"
1,861802,Shannon Gomez,48,"PSC 8291, Box 2585
APO AA 05738"
0,789817,James Fuentes,40,"1490 Jonathan Estates
Jessicaland, WV 76184"
1,586747,Scott Lawrence,27,"86895 Rachael Court
Riversbury, KY 55504"
0,325804,Donald Mathews,43,"1663 Charles Summit Apt. 105
Port Melinda, AK 67647"
1,529268,Rebekah Mccormick,30,"54046 Renee Throughway Apt. 723
Jasonhaven, NJ 68257"
0,806436,Austin Sandoval,22,"375 Brittany Gateway Apt. 904
Hancockview, RI 37803"
1,135635,Suzanne Mueller,20,"199 Horton Plains
Ewingland, WY 91412"
0,525442,Gregory Osborne,48,"1452 Jessica Point
Timothychester, NY 96889"
1,413728,Edward Smith,29,"88112 Douglas Islands Apt. 161
East Jeff, ME 29985"
0,644925,Greg Jacobs,28,"USS Bailey
FPO AP 15478"
1,447808,George Brown,47,"518 Dawn Village Apt. 221
West Karen, SC 15364"
0,756339,Tracy Richardson,39,"3219 Randall Wall
Millershire, CT 27862"
1,109600,Darlene Davis,39,"5573 Baldwin Gardens Apt. 085
Baileyton, ID 42423"
0,430571,Debra Morrow,30,"80397 Emily Stream
Brianshire, MI 35987"
1,796365,Chase Castillo,58,"088 Gonzalez Squares
Davidmouth, MN 23643"
0,633288,Ronald Perez,20,"6036 Colon Avenue
South Daniellestad, AK 05164"
1,120420,Amanda Miller,37,"47325 Laura Lodge
East Pamelamouth, OR 83581"
0,406769,John Chase,27,"46680 Erika Greens Suite 687
Butlerborough, PA 47354"
1,483344,Lisa Patterson,30,"550 Mary Plain
Timothyshire, FL 06654"
0,997483,Jason Snyder,36,"Unit 8748 Box 0534
DPO AA 90941"
1,301874,Jennifer Turner DDS,27,"95906 Joseph Grove
Lake Kathrynmouth, FL 12388"
0,388909,Tanya Reeves,44,"8236 Wise Mission
Lake Heidi, MS 50383"
1,818335,Andrew Hanson,23,"632 Vanessa Avenue Apt. 618
Stephaniehaven, ME 59337"
0,899126,Adam Weaver,20,"5377 Andrea Neck
South Tracy, DE 71681"
1,271918,Michael Rodriguez,40,"USCGC Carter
FPO AE 65886"
0,198081,Jeffery Dunlap,40,"90048 Davis Mission
Daniellefort, NH 50640"
1,659081,Adriana Brown,32,"603 Silva Throughway
Bakerhaven, NJ 44085"
0,147417,Lauren Smith,41,"66489 Jackson Key
Millerview, SD 22049"
1,828338,Victoria Mcdonald,21,"USNS Flores
FPO AP 25341"
0,731352,Annette Dean,39,"95685 Torres Springs Apt. 058
New Amber, NM 99376"
1,926566,Ashley Carter,52,"USNV King
FPO AE 11734"
0,811824,Morgan Terrell,43,"65945 Cameron Park
Graytown, AK 70236"
1,733625,Kenneth Huerta,37,"20748 Park Row
New Michael, NM 16129"
0,992073,Barbara Jones,44,"39241 Carey Summit
Nguyenfurt, MD 61614"
1,317409,Amy Ellis,35,"Unit 3335 Box 8283
DPO AA 82540"
0,396598,Donald Howell,26,"0725 Jason Well
North Aaron, ND 32125"
1,788445,Tina Olson,54,"66151 Mclaughlin Spurs Suite 785
West Lorraineburgh, AR 36810"
0,704856,Dr. Joanna Rivera,36,"5003 Cook Pass
Mariabury, NV 69616"
1,581273,Clayton Watkins,48,"69522 Ward Village
Port Jay, MA 41545"
0,787313,David Sweeney,28,"2380 Miller Landing
South Rachael, MT 93266"
1,126780,Donald Price,40,"86749 Nicole Lane
South Reginatown, ND 14836"
0,175527,Mary Smith,24,"97706 Stephen Creek Apt. 460
Patrickhaven, UT 59430"
1,224041,Brian Schwartz,54,"720 Johnson Ranch
Lake Kimbury, OK 75078"
0,211836,Sheila Willis,51,"3704 Hancock Cliff Suite 987
Donaldfort, NM 24148"
1,533025,Johnny Knox,46,"PSC 3973, Box 5284
APO AP 46279"
0,283792,Blake Joseph,43,"363 Fields Vista
Reneeview, NE 53667"
1,913986,Brian Kennedy,55,"922 James Forges Apt. 975
South Travisfort, CT 52257"
0,189180,Kenneth Salazar,28,"636 Shane Rue Suite 478
South Amymouth, SD 42791"
1,322905,Julie Valencia,56,"9874 Hale Cape Suite 904
Normanside, WA 66732"
0,304763,Randy Hull,44,"94351 Alan Meadow Apt. 484
West Lorichester, CA 82925"
1,595073,Amanda Middleton,30,"02489 Angela Manors Suite 866
Cortezville, SC 21858"
0,591402,Melissa Anderson,46,"47934 Huang Springs
West Samantha, IL 42305"
1,681838,Emily Miller,55,"PSC 9952, Box 4291
APO AP 56448"
0,250382,Steven Scott,49,"181 Robert Wall
Jeremychester, ID 61732"
1,435488,Gene York,33,"242 Robert Wall Suite 975
Danielton, NH 72540"
0,664215,Emily Mann,49,"63642 Leonard Pine
West James, WV 81497"
1,876049,Michael Brooks,48,"400 Gamble Bridge
Brandonton, HI 34155"
0,568712,Thomas Harvey,38,"26361 Dunn Oval Apt. 513
Rosemouth, AZ 52983"
1,915381,Andrew Powell,36,"772 Baker Ridges Suite 990
Melissashire, NJ 08933"
0,327534,Steven Walker,46,"7898 Mejia Village
Pamelaburgh, ID 50901"
1,236102,Paul Williams,52,"918 Hubbard Walk Apt. 642
Johnsonbury, MT 72613"
0,198810,Sheri Tapia,26,"3289 Miller Brook Suite 953
Olsonshire, AK 88593"
1,996252,Renee Johnson,42,"659 Walker Rue
Michealtown, NY 83417"
0,887973,Jacqueline Powell,22,"866 Nguyen Glens
Williamsland, MT 05259"
1,927796,Adam Hood,28,"USNS Schultz
FPO AE 76540"
0,345126,Sean Wilson,40,"28484 Lane Estates
South Kenneth, TX 77854"
1,307133,Maxwell Richardson,59,"752 Tiffany Station Suite 691
West Eduardo, WA 88630"
0,184183,Logan Bishop,31,"1481 Hannah Bypass Suite 272
Greenborough, ME 10286"
1,692671,Dr. Amber Williams DDS,24,"USS Bush
FPO AA 33315"
0,531389,Veronica Mathews,56,"39930 Melanie Brook Suite 046
Jennifershire, MD 60099"
1,484640,Heather Hughes,42,"89432 Jimmy Mall
Jamesport, DE 06405"
0,142451,Joseph Stanley,47,"89258 Joseph Radial Apt. 109
Paulmouth, MD 72286"
1,980935,Michael Castillo,44,"41766 William Trafficway Suite 731
Leebury, DC 46679"
0,758886,Mary Cox,45,"868 Scott Mission
Mcintyrefort, ME 65050"
1,630813,David Prince,44,"559 Bailey Ridge Apt. 974
Tanyastad, OR 12713"
0,752703,Thomas Vazquez,48,"9755 Elizabeth Lights Apt. 338
Tannerburgh, KY 94668"
1,345588,Sarah Fields,32,"53170 Chapman Ports Apt. 427
Lake Amber, MT 63789"
0,888027,Gina Bush,34,"7231 Ochoa Way Apt. 282
New Johnburgh, MN 62069"
1,271877,Jeff Jenkins,21,"3166 Selena Plaza
New Josephshire, TN 68995"
0,218834,Samantha Oconnor,47,"2531 Davis Parkway
North Thomasfurt, ID 17845"
1,695489,Sara Escobar,53,"02321 Bowers Brooks Suite 546
Phillipschester, WV 87286"
0,878868,Rachel Terry,45,"286 Harvey Pass Apt. 343
Danielmouth, AZ 45844"
1,511153,Evan Thomas,58,"392 David Mission Apt. 443
Desireeport, IN 23779"
0,858974,Alan Burnett,33,"924 Ronald Shore Suite 854
Lake Jennifer, VT 59959"
1,290231,Dr. Grant Kelley,45,"7507 Matthew Radial
Port Daniel, NH 56693"
0,594294,April Lucero,29,"101 Camacho Crescent
Middletonport, WA 07506"
1,613112,Karen Walters,53,"161 Eric Coves Suite 893
Dunlapstad, DE 52924"
0,755314,Karen Vega,35,"14004 Jesse Wells
North Sherryhaven, VA 69920"
1,954190,Elizabeth Padilla,54,"8213 Miller Hollow Apt. 346
Stephanieshire, TN 55862"
0,588862,Gina Thomas,38,"67257 Jared Overpass Suite 359
Stevenmouth, AK 42489"
1,301634,Robin Williams,37,"691 Hunter Knolls
Lynnchester, KY 30672"
0,152461,Tammy Wilson,46,"705 Jeffrey Orchard Apt. 206
Knappside, MA 06887"
1,146197,Christopher Garcia,44,"427 Rodriguez Trace
Scottstad, CT 83167"
0,502428,Renee Harrison,47,"2674 Quinn Freeway Apt. 851
Dawsonhaven, ID 31838"
1,409000,Thomas Adkins,47,"14258 Griffin Underpass Apt. 497
Petershire, RI 69224"
0,936722,Hannah Carter,40,"USNV Stevenson
FPO AE 85400"
1,668207,Angela Whitehead,25,"44822 Martinez Plains
New Ariel, UT 42186"
0,794014,Pamela Johnson,27,"985 Johns Extension
New Jennifer, SD 63577"
1,232612,Cynthia Hunter,55,"746 Pamela Via
South Brenda, WV 23833"
0,612150,Stephen Gay,54,"1202 Emily Grove
Rebeccastad, IN 94996"
1,918999,Benjamin Clay,25,"50676 Kimberly Extensions Suite 256
Shannonfurt, IA 53114"
0,133311,Bobby Roberts,31,"9888 Leslie Land
West Johnchester, KS 54045"
1,527482,Kenneth Ellison,35,"2452 Lopez Ramp
North Kaitlintown, AR 38670"
0,812660,Anthony Stewart,54,"06896 Hudson Summit
West David, AZ 53446"
1,211865,Anna Johnson,46,"90924 Wendy Locks
Lake Cheyennestad, ND 45882"
0,297085,Chad Green,58,"07138 Johnson Point Apt. 477
Apriltown, ID 75959"
1,363538,Leah Martinez,56,"514 Danny Mountains
Booneborough, TX 18348"
0,387413,Krystal Barnes,24,"4192 Bell Square Suite 384
Donaldsonhaven, ME 99516"
1,635101,Joseph Miller,24,"901 Stewart Route
Port Lesliebury, OR 96087"
0,466453,Dr. Joseph Walton,34,"9563 Arthur Gateway
East Lindsey, KS 59131"
1,837736,James Price,32,"8177 Arroyo Place
Karenmouth, AZ 42657"
0,981618,Steven Kirk,24,"53733 Hernandez Shoals Apt. 423
South Courtneyfort, CT 83934"
1,989050,Lauren Walls,48,"211 Benjamin Court Apt. 540
Jessicabury, UT 56081"
0,167475,Richard Graham,45,"68130 William Junctions Suite 096
Lake Jason, LA 07299"
1,826404,Reginald Blair,34,"0910 Barr Villages
Whiteside, LA 19214"
0,893622,Nancy Smith,24,"0301 Michael Fords
Sharonburgh, DE 11829"
1,428446,Amanda Gardner,20,"Unit 5074 Box 7018
DPO AA 60561"
0,945445,Krystal Holt,27,"988 Aguirre Via Apt. 500
Jeffreyfort, OH 36301"
1,591078,Stefanie Huffman,32,"4098 Weaver Underpass Suite 518
Dawsonfort, AR 71067"
0,737086,Alyssa Decker,45,"47066 Jason Road
East Juanfurt, NE 51853"
1,749902,Joseph Olsen,23,"29957 Hector Park Apt. 273
South Christopher, AL 54772"
0,122933,Amanda Kemp,28,"168 Miller Parkway
East Michaelbury, CO 68505"
1,314065,Lauren Mcguire,36,"PSC 8687, Box 9684
APO AA 36948"
0,816192,Sharon Hendricks,37,"5580 Johnston Station Apt. 148
Jacksonshire, MD 41934"
1,468449,David Petersen,51,"12748 Melody Brooks
West Brenda, AK 50456"
0,167832,Holly Cooper,42,"47177 Jeremy Corner
East Davidside, SC 05677"
1,736417,Joseph Perez,36,"571 Wheeler Manor
North Isabelmouth, KS 60991"
0,823776,Martin Freeman,50,"83112 Andrea Trail Apt. 548
West Kennethstad, KS 41058"
1,802521,Nichole Gibson,48,"020 Steve Locks
Lake Michaelmouth, OK 22580"
0,317119,Guy Summers,52,"81168 Carolyn Manors Apt. 864
New Mariaview, WV 02826"
1,708518,Robert Beltran,26,"058 Clark Dale
Josephberg, TN 22953"
0,458968,Anne Reeves,51,"7816 Sparks Village
South Thomaston, TN 25736"
1,363293,Michele Lucas,38,"06668 Lisa Glens
North Jeffreyberg, UT 45949"
0,625424,William Thomas,34,"09800 Tammy Highway Apt. 051
Whiteshire, FL 54740"
1,924177,Rodney Jenkins,24,"81208 Francis Groves
East Davidside, MD 98433"
0,786897,Elizabeth Romero,39,"PSC 8480, Box 8031
APO AA 86217"
1,969627,David Brown,23,"83802 David Trace
South Christopherchester, NC 49551"
0,472734,Derek Garrett,45,"15156 Sarah Valleys Suite 639
Lake Matthewfurt, CT 81066"
1,182039,Michael Jones,39,"19100 Moran Junction Suite 629
Stevensview, DE 40392"
0,609116,Cory Hughes,59,"PSC 9934, Box 5544
APO AE 48540"
1,754586,Heather Harmon,47,"59478 Williamson Lights Apt. 526
Port Arthur, MD 03269"
0,131059,Jill Williams,33,"695 Joseph Keys Suite 200
Lake Vickie, ND 97534"
1,393555,John Grimes,44,"772 Robin Station
South Jenniferport, IN 31685"
0,432499,Gerald Thomas,50,"4043 Anna Land Suite 514
Hernandezburgh, DE 51117"
1,917287,Rachel Young,53,"6587 Martha Tunnel
East Nathanielborough, IA 19870"
0,197868,Christopher Fisher,40,"32477 Sheena Rue Apt. 157
New Jessebury, AZ 52526"
1,628513,Stephen Hayes,52,"41043 Luke Plains Suite 193
Jonesborough, IN 96842"
0,616627,Frederick Scott,39,"295 Park Stravenue Suite 920
Lake Darrenfurt, ND 42009"
1,655268,Amanda Hill,37,"58234 Sean Extension
North Isaac, AZ 03127"
0,294881,Benjamin Singh,57,"2499 Thomas Circles Suite 865
South Haroldmouth, OK 36797"
1,528721,Jason Clay,32,"824 Bobby Lights Suite 100
Lake Elizabethside, MN 29833"
0,229909,Cynthia Love,37,"023 Mary Drive
Curtisstad, OK 14876"
1,318759,Rebecca Kennedy,40,"31125 Devon Square Apt. 413
New Melissamouth, MO 40212"
0,377944,Tony Mendez,50,"04130 Heather Fords Apt. 054
South Johnny, VT 92303"
1,695933,Crystal Phillips,31,"02844 Cochran Grove
Rachelmouth, OH 45767"
0,768738,Lisa Shaw,38,"2152 Steven Meadows Suite 639
New Donnaview, NJ 89342"
1,754825,Robin Williams,46,"045 Andrea Park
Port Megan, MT 38422"
0,161882,Eric Tran,25,"PSC 4078, Box 5743
APO AP 64833"
1,515365,Patrick Houston,21,"40678 Michael Extension Suite 024
Bryanfurt, NM 32386"
0,149180,Alicia Fitzgerald,31,"6809 Rodney Valley Suite 459
Flemingbury, AZ 82777"
1,362622,Amy Hamilton,41,"8294 Duncan Highway Apt. 548
Edwardsside, MA 42506"
0,219797,Denise Galvan,41,"5090 Webb Way
Lake Allison, CT 00512"
1,183304,Angela King,27,"167 Anderson Rest Suite 951
North Thomasfurt, SC 48324"
0,194171,Angel Powell,26,"8076 Colleen Lakes
Olsonchester, MS 90040"
1,478982,Daniel Tate,55,"513 Phillip Roads Suite 203
South Sean, UT 14608"
0,609135,Emily Warren,34,"1358 Stephanie Common Suite 296
Kylefurt, PA 44514"
1,885350,Terry Brown,36,"627 Moyer Route Suite 641
North Lindsaychester, MN 25249"
0,897172,Kristen Lawson,31,"601 Garcia Mission Apt. 030
Lake Philip, AZ 45028"
1,676988,Gregory Lewis,51,"8031 Robin Radial Apt. 072
Lake Cristina, GA 65290"
0,599971,Michael Conner,49,"61939 Copeland Ramp
West Sethside, OH 71546"
1,455049,David Bond,45,"830 Vance Tunnel
Jasonmouth, IN 97291"
0,265052,Kelly Scott,38,"674 Brandon Village
Ronniestad, KS 61158"
1,632489,Molly Hurst,59,"98162 Frank Mission
East Rebecca, MS 68607"
0,156094,Gregory Nielsen,39,"845 Natalie Avenue
Glennland, MA 91296"
1,738139,Nancy White,53,"593 Schroeder Brook Apt. 122
Morrisview, NM 19339"
0,786997,Dakota Olsen,58,"PSC 4933, Box 9851
APO AP 91451"
1,935627,Peter Moore,21,"621 Baker Mews Suite 361
East David, CO 90351"
0,891860,Jason Wilson,49,"485 Long Island Apt. 444
East Derrick, VA 58848"
1,971713,Shelley Ward,27,"0726 Christy Ridge Apt. 031
New Matthew, DE 03594"
0,698619,Stephanie Wright,25,"PSC 2672, Box 6920
APO AA 95016"
1,828578,Mary Gardner,44,"2587 Kline Mountains Suite 357
Lake Anita, NJ 62880"
0,253182,Amy Sexton,41,"8797 Rachel Prairie
South Kevin, MT 06080"
1,503455,Jennifer Stone,49,"11158 Newman Drive Suite 181
Waynemouth, FL 46268"
0,754874,David Smith,37,"1745 Derek Vista Apt. 488
North Mikeport, MD 08436"
1,635749,Sarah Perez,59,"0006 Stacy Roads
Keithstad, WV 46476"
0,713056,Kayla Shepherd,41,"07074 Ernest Island Apt. 331
East Jessicaport, HI 65910"
1,273663,James Martin,30,"4161 Daniel Trace
Karlview, AZ 96813"
0,350187,Eric Warren,57,"PSC 3725, Box 6688
APO AP 73699"
1,704929,Andrea Salazar,23,"27731 Bruce Causeway Suite 379
Port Melissachester, MO 69847"
0,931474,Laura Washington,59,"822 Thompson Junction Suite 914
Lake Gregory, MT 50607"
1,170844,Julie Page,39,"3833 Thomas Via Suite 387
South Shawna, OH 62903"
0,482091,Amy Hill,56,"218 Nelson Views
Ochoaside, IN 94986"
1,780025,John Villanueva,23,"4957 Aguilar Extensions
Aguilarmouth, SC 50918"
0,249324,Dr. Danny Lee,37,"Unit 9361 Box 1066
DPO AP 49957"
1,689827,Felicia Valdez,53,"816 Conrad Greens Apt. 399
East Lisabury, MA 13637"
0,735079,Dr. Manuel Norton DDS,26,"286 Green Lodge
Atkinsstad, CT 76576"
1,819623,Aaron Harper,37,"10096 Mills Tunnel Apt. 151
Sotoland, HI 05943"
0,683679,Dustin Perez,50,"03714 Julie Ramp Suite 687
Marshallshire, LA 84608"
1,427382,Barbara Haney,51,"4247 Lopez Flat Apt. 160
Jesuston, VT 15319"
0,328475,Tiffany Powell,48,"45556 Benjamin Viaduct
East Randallside, SD 34874"
1,215816,Anthony Jackson,43,"6978 Alexis Squares Apt. 492
Josephmouth, PA 88149"
0,578577,Joshua Woods,35,"46929 Esparza Mill Apt. 780
South Timothyside, SC 16327"
1,314180,Suzanne White,56,"256 Mary Junctions
New Rebeccaberg, MD 05641"
0,563463,Jennifer Moore,42,"422 Phillips Ways Apt. 395
Katherineview, MS 54190"
1,856459,Charles Jones,37,"92240 Leah Creek
West Codyland, NC 67363"
0,530398,Emma Martin,20,"9618 Willie Ports Apt. 624
Robertsstad, WY 61261"
1,672686,Ashley Morrison,46,"93699 Nicole Squares Apt. 908
Hollyberg, FL 35847"
0,696065,Tyler Anthony,59,"USCGC Mitchell
FPO AA 18322"
1,848484,Jessica Wood,56,"982 Eric Cliffs Apt. 066
North Todd, NJ 86319"
0,256838,Theresa Cooper,56,"645 Moses Course
Campbellville, NC 14781"
1,996253,Makayla Clark,47,"270 Jennifer Greens
Josephshire, MA 51194"
0,192485,Briana Cox,45,"PSC 1455, Box 2017
APO AP 91932"
1,770744,Rachel Oconnor,29,"77103 Alexander Streets Suite 735
Johnton, WA 49667"
0,489725,Troy Torres,59,"PSC 4081, Box 6419
APO AP 98843"
1,648841,Deborah Goodman,25,"651 Robert Course
Thompsontown, MN 51699"
0,515651,Alexis Williams,20,"0431 Martinez Ranch Apt. 652
Williemouth, OR 63166"
1,296089,Jonathan Ballard,54,"91412 Burton Walk Apt. 300
Ericbury, OK 23590"
0,773302,Angela Webb,37,"376 Harmon Parkways Suite 121
Port Ruthstad, TN 73252"
1,964331,Kristy Davis,22,"719 Perkins View Suite 495
North Jonathan, NJ 12542"
0,291770,Tiffany Phillips,49,"45860 Nathan Overpass
Fergusonfurt, NE 40674"
1,215912,Amanda Dixon,22,"9555 Fernandez Wells Suite 886
West Jennifer, FL 66584"
0,459110,Edward Gonzalez,46,"940 Robert Terrace
New Barbara, NC 73131"
1,145459,Andrew Baldwin,59,"31343 Castillo Flat Suite 693
Donaldhaven, NH 43764"
0,994697,Nathan Taylor,44,"12198 Taylor Trace Apt. 932
Hammondport, VA 77351"
1,572910,Dillon Mcdonald,28,"36401 Bright Motorway
East Timothychester, PA 29368"
0,360328,Isabel Nelson,43,"USCGC Robertson
FPO AP 53476"
1,331568,Barbara Anderson,27,"Unit 6951 Box 7151
DPO AE 62940"
0,256364,Peggy Johnson,39,"250 Alex River
Samanthamouth, MA 81483"
1,959621,Todd Vasquez,43,"57980 Eugene Isle Suite 707
Anthonymouth, KY 37651"
0,477661,Katie Harris,57,"53197 Angel Estate Apt. 100
Pittsberg, VT 39107"
1,767636,Michelle Sullivan,26,"45471 Jennifer Harbor
Juliefort, IL 40324"
0,973781,Mark Lopez,49,"1274 Crane Run Apt. 052
Davidberg, NH 20689"
1,708258,Melissa Miranda,28,"007 Ebony Manors Suite 503
South Shaunchester, CA 93894"
0,829452,Renee Harvey,57,"99981 Richards Rapids Apt. 541
North Thomas, OK 79547"
1,160809,Kimberly Daniel,41,"PSC 3521, Box 9438
APO AA 65741"
0,981669,Andrew Huynh,32,"29787 Amber Shoal Suite 408
Christophermouth, DC 23050"
1,912729,Benjamin Norton,38,"75643 William Points Suite 534
South Jose, NH 72438"
0,369484,Sheri Turner,29,"9172 Clarence Falls Apt. 349
East Morgan, NM 17495"
1,590810,Marcus Harrington,34,"7935 Megan Forge
Lewisside, IA 54491"
0,402565,Matthew Garrison,46,"73085 Tapia Meadows Apt. 164
Port Michaelside, WV 52973"
1,736957,Kelly Mckinney,54,"4376 William Throughway Suite 601
Jamesside, MD 05121"
0,885529,Michael Osborne,22,"1282 Howell Field Apt. 299
Browntown, LA 42763"
1,399789,Alicia Mcdonald,27,"774 Paul Parkways Apt. 066
Lake Jeffery, NE 52812"
0,635746,Willie Jacobs,26,"14915 Gordon Park
Port Bobby, PA 62522"
1,450678,Alyssa Rodriguez,50,"4754 Kaitlyn Road
Jerryville, GA 92429"
0,159409,Cody Moore,28,"0779 Kevin Crossing Suite 713
Loriton, TX 29168"
1,347038,James Reese,48,"129 Megan Extension
South Johnfurt, MA 67106"
0,967145,Anthony Morris Jr.,59,"Unit 3004 Box 9905
DPO AP 83326"
1,381841,Daniel Stone,51,"85341 Clinton Row Apt. 310
Petersfort, NH 29284"
0,620000,Mark Cook,47,"46889 Jeremy Locks
West Joanmouth, DE 89997"
1,821108,Charles Martin,40,"991 Jonathan Greens Apt. 939
Baileymouth, NC 37687"
0,783603,Miguel Duncan,26,"1236 Foster Meadow
Wilsonport, OH 48645"
1,614665,Paul Rush,49,"0121 Matthew Mountains
Matthewborough, IA 38369"
0,533120,Henry Chavez,29,"36550 Thomas Hollow
Colemanshire, DC 99514"
1,310461,Anne Mills,49,"62034 Martinez Run Apt. 370
Mendezland, MO 72853"
0,760113,Lindsey Miller,29,"92768 Justin Oval
Robertland, NE 09465"
1,405525,Kimberly Miller,27,"188 Le Flat Suite 324
Kimberlyhaven, VA 87524"
0,648685,Leah Phillips,37,"Unit 6348 Box 6739
DPO AA 61687"
1,554256,Christine Craig,30,"3905 Harmon Cliffs
Timothyfurt, ME 57126"
0,191849,Jamie Mclaughlin,27,"6107 Johnathan Estate
Matthewhaven, ND 13405"
1,317804,Randall Johnson,20,"57153 Dennis Field Suite 065
South Alexandraberg, ID 11491"
0,707387,Julie Johnson,58,"5147 Nicole Via
Alexisport, TX 87922"
1,871473,Ashlee Miller,36,"666 Gay Throughway Apt. 522
Smithhaven, UT 77644"
0,714048,Kimberly Smith,36,"Unit 1090 Box 1559
DPO AE 53167"
1,184296,Harold Martinez,39,"720 West Parkways Suite 457
Kyleview, CO 66702"
0,588506,Nicole Bailey,53,"42116 Sandra Turnpike Suite 997
Smithland, NY 68461"
1,660620,Christopher Ware,46,"PSC 9847, Box 1010
APO AE 79718"
0,329505,Michelle Haynes,55,"35680 Melendez Dam
Kellyberg, FL 70025"
1,522602,Mark Howell,28,"USCGC Medina
FPO AA 75427"
0,310961,Jason Massey,38,"38915 Short Ranch
South Nicholashaven, OK 76292"
1,592347,Lauren Cooper,46,"2467 Robert Loaf
Port Kimberly, MA 58062"
0,710260,Linda Jennings,54,"Unit 1425 Box 3106
DPO AA 28206"
1,246915,Deanna Robinson,36,"3894 Richard Harbor Apt. 582
Walterfurt, MI 50815"
0,194958,Emily Sullivan,46,"09706 Bell Ranch Apt. 385
Johnside, FL 00815"
1,637932,Alexandria Nunez,45,"PSC 5340, Box 2160
APO AP 46443"
0,283912,Mrs. Sarah Campbell,36,"Unit 9507 Box 6079
DPO AE 35546"
1,694124,Anthony Kim,40,"USNV Taylor
FPO AA 60582"
0,522853,Diana Torres,25,"Unit 3654 Box 2137
DPO AA 81175"
1,447173,Mary Chandler,32,"8975 Cooper Pike
South Rachaelborough, NM 02767"
0,796563,Mark Hawkins,23,"027 Karen Cliffs
New Angela, MT 59882"
1,194106,Norma Kennedy,48,"32208 Burgess Squares Suite 703
West Michelle, NM 18953"
0,742152,Thomas Clark,26,"PSC 9112, Box 2130
APO AE 76368"
1,869967,Anthony Gray,45,"636 Norman Route Suite 544
North Mauricebury, NJ 39666"
0,610887,Jennifer Thomas,51,"524 Gabriela Expressway
Williamsonton, IN 07392"
1,865345,Amanda Odonnell,52,"356 Wheeler Garden Suite 708
South Aaronbury, LA 05513"
0,588290,Melissa Reyes MD,50,"807 Pierce Fall Apt. 013
West Peterport, UT 17524"
1,195419,Mary Watson,38,"96344 Katherine Camp Suite 262
New Jonathan, WV 97576"
0,989451,Melissa Thomas,50,"493 Vanessa Mountain Apt. 264
Strongstad, IL 92704"
1,250170,Paula Schmidt,40,"90688 Fields Forest
Michaelshire, ND 79267"
0,322942,Lisa Dean,23,"Unit 1035 Box 6447
DPO AA 40959"
1,369203,Frank Gardner,35,"45410 Carpenter Inlet Suite 616
Lake Jessica, MS 35160"
0,614022,Richard Brown,46,"5308 Sandra Corners Apt. 503
West Amyborough, MI 66694"
1,955308,Billy White,42,"4895 Tony Street
Yoderberg, NY 59093"
0,386897,Laura Marsh,50,"34964 Holland Orchard
South Zachary, TN 84159"
1,727751,Julie Martinez,47,"68013 Nichols Row Apt. 780
Robinsonside, VA 05945"
0,812884,Jodi Mcconnell,31,"5582 Gutierrez Harbors
East Samuel, IL 57421"
1,355834,Lauren Young,42,"9402 David Trail Suite 278
West Robertville, MT 37941"
0,271366,James Miller,50,"88973 Michael Cliffs Apt. 093
South Deborah, RI 22677"
1,202211,Lisa Holt,42,"581 Mark Manors
Robinsonstad, NY 62436"
0,731654,Dr. Gabriel Russell MD,50,"3270 Mark Ville Apt. 466
West Eric, OH 56762"
1,648122,Catherine Dixon,37,"343 Jennifer Squares
Port Sarahton, CA 92211"
0,756077,Robin Grimes,46,"894 Dawson Gateway
West Mariaberg, WV 17460"
1,782139,Nicholas Ford,41,"2615 Perez Skyway Apt. 297
Barrerabury, CT 71678"
0,608120,Hunter Powers,23,"2694 Sherry Loop
Millerborough, IL 98047"
1,976167,Pamela Bush,28,"381 Ramirez Ramp Suite 942
New Nicholas, IN 04615"
0,866341,April Becker,22,"70993 Lamb Springs Apt. 287
Port Jennifer, KY 54657"
1,329969,Nicholas Parker DDS,27,"699 Jennifer Key Apt. 614
South Scottborough, MO 43754"
0,554154,Hannah Bennett,40,"36011 Adams Port
West Melissa, KS 72407"
1,932937,Natalie Gordon,54,"5698 David Brook
Benjaminmouth, AZ 80482"
0,924151,Joshua Reid,41,"PSC 7758, Box 5680
APO AP 78068"
1,801871,Dr. Joseph Curry,44,"73677 Mark Lock Apt. 192
Anthonystad, MN 55448"
0,304669,Lisa Gordon PhD,26,"8008 David Rue
Kleinberg, KY 94221"
1,204985,Mark Johnson,40,"948 Davis Track Apt. 819
North Denise, UT 93000"
0,346626,Sarah Mcgrath MD,49,"8947 Vincent Common
Brownbury, WY 82559"
1,763333,Jennifer Martin,26,"60739 Daniel Pines
Andersonborough, MD 96995"
0,609548,Jason Rogers,25,"459 Hayley Stream Suite 498
Morganmouth, AR 60647"
1,657885,Robert Dawson,53,"69963 Hill Centers
Margaretborough, NM 11535"
0,143586,Timothy Hamilton,20,"7088 Williams Gardens
Shaneview, DC 70763"
1,834102,Lynn Johnson,21,"81837 Justin Plaza Suite 230
Davidville, OR 09020"
0,701650,Linda Schneider,41,"39495 Scott Radial
Lake Amber, TX 78219"
1,926230,Amber Solis,38,"2846 Christopher Parkway Apt. 386
North Shanehaven, OR 45364"
0,306261,Rita Brown,53,"9811 Christina Fork Apt. 848
Lake Gavinmouth, ID 76868"
1,652078,Steven Golden,32,"866 Washington Rapids
Sheilamouth, NJ 60494"
0,535555,Julie Perez,28,"6930 Rachel Forks
Perezburgh, MT 46066"
1,761648,Angela Zuniga,59,"69147 Lauren Grove
Lake Robert, NV 13635"
0,595677,Ryan Watkins,23,"89845 Jennifer Underpass
East Jeremy, DE 66805"
1,675969,Brittany Booth,50,"40645 White Burg
North Derrick, MO 26259"
0,431739,Timothy Blackwell,25,"679 Pena Parkway
New Toddville, KY 18282"
1,969699,Nicole Terry,51,"4701 Harris Drive
Lake Patriciabury, DE 47555"
0,731501,Cristina Vance,36,"22196 Patrick Village Suite 601
Lake Wendyland, NC 77348"
1,930714,Sierra Roman,49,"718 Adams Corner Apt. 201
North Crystaltown, CA 59249"
0,467892,Angelica Lamb,45,"282 Harrington Summit Suite 882
Lake Robertfort, LA 51640"
1,406170,Dawn Owen,34,"902 Walter Extensions Apt. 090
Welchmouth, UT 10287"
0,845016,Christine Reed,49,"5413 Alexander Vista
Pamview, CO 94201"
1,377249,Deborah Hammond,38,"4303 Johnson Mission Apt. 558
East Samanthashire, AR 49057"
0,447156,Phillip Clay,58,"02592 Mark Cliffs
North Sabrina, OR 40093"
1,923020,Michael Jefferson,28,"997 Elizabeth Centers Suite 231
Marieport, CA 03285"
0,882084,Timothy Davidson,57,"20106 Hernandez Inlet
South Xavier, IL 90335"
1,386734,Ryan White,59,"4412 Ray Gateway
Donnastad, DC 12935"
0,465837,Sherry Hunter,47,"94273 Rodriguez Roads
Matthewberg, MT 08121"
1,976506,Monica Fleming,56,"103 Alicia Station
West Crystalmouth, OR 36413"
0,576217,Katie Lozano,36,"75248 Kevin Harbors Apt. 734
New Erikside, MN 93999"
1,398224,Yvette Arroyo,26,"962 Kaitlyn Forges Apt. 985
New Georgeport, IN 19900"
0,737270,Jason Vasquez,55,"7944 Michelle Inlet
South Jessebury, MI 96052"
1,497094,Brianna Bell,59,"PSC 8929, Box 1295
APO AP 44083"
0,201436,Morgan Ellison,37,"665 Robert Summit Apt. 172
Port Mark, MI 04689"
1,314967,Kyle Burns,50,"Unit 6494 Box 1494
DPO AA 08238"
0,348590,Tiffany Hurst,41,"809 Durham Island
Lorraineport, CT 59426"
1,868871,Stephanie Martin,50,"587 Walls Club Apt. 450
South Elizabethton, WI 07491"
0,886863,Mrs. Shannon Johnson,59,"171 Whitaker Cape
New Isaiahhaven, OR 83307"
1,508414,Elizabeth French,30,"847 Angela Loaf
Harrisonfurt, ND 26073"
0,301705,Cheyenne Henry,53,"5003 Christina Point
West Daniel, ND 10104"
1,929858,Eric Perez,44,"928 Mark Coves
West Teresaview, AL 28029"
0,125273,Cindy Travis,48,"682 Rich Hill Suite 488
North Daniel, PA 16043"
1,408407,Brittany Lewis,53,"05635 Catherine Skyway Suite 614
Lake Matthew, ID 05777"
0,622937,Jason Farmer,22,"551 Dustin Summit
Joanville, VA 03652"
1,284462,Eric Davila,33,"504 Anthony Ports Apt. 838
Stephaniefurt, NY 09810"
0,299943,Rebecca Ford,57,"Unit 6978 Box 0878
DPO AE 00834"
1,481316,Alexander Schmitt,54,"0004 Donna Corners Suite 330
Andersonfort, AR 14779"
0,252902,Ricky Shelton,56,"13054 Reid Cape
South Moniqueton, CA 15006"
1,340987,Donna Roy,42,"50808 Dickerson Garden
Lifurt, MI 39536"
0,447762,Randy Daniels,38,"626 John Stravenue Apt. 020
New Angela, ID 29078"
1,825375,Donald Turner,58,"365 Carol Path Suite 387
Cookbury, GA 92711"
0,549582,Darrell Jackson,50,"097 Eric Trail Suite 098
Monroeberg, VA 51096"
1,811943,Michelle Howell,33,"659 Whitney Squares Suite 413
Andreafort, AK 66846"
0,906783,Michelle Jimenez,27,"Unit 5365 Box 6143
DPO AE 35396"
1,630273,Alicia Cohen,43,"25894 Ibarra Keys Suite 727
East Michaelmouth, WA 23219"
0,707621,James Lee,53,"5105 Landry Lodge Apt. 691
Vickiport, OK 05796"
1,242213,Brian Caldwell,45,"USS Clarke
FPO AE 65370"
0,425702,Jenny White,37,"USCGC Flores
FPO AA 86899"
1,274070,Dr. Denise Mason,50,"788 Jaclyn River Suite 606
New Donna, MS 95691"
0,905860,Tina Gonzalez,36,"91529 Bishop Views
West Victoriaside, KY 39951"
1,385594,Tracy Tucker,36,"97433 Diane Skyway Suite 555
East Shawn, IL 82530"
0,763621,Kyle Rodriguez,49,"45526 Brittany Springs
Danielberg, SC 70495"
1,156298,Andrea Russell,22,"62094 Wolf Route Apt. 258
Dominiqueland, OK 51312"
0,897271,Julie Allen,45,"119 Veronica Island
Benjaminfort, DE 93949"
1,598402,Jessica Ray,42,"USNS Baker
FPO AE 97214"
0,361565,Connie Carson,48,"096 Michelle Garden
Lake Josephhaven, MT 19237"
1,835913,Evan Munoz,29,"PSC 4126, Box 7877
APO AP 36380"
0,107638,Stacy Ray,33,"4217 Nicole Village Suite 025
Higginsland, MS 03856"
1,249126,Lance Adams,53,"6086 Mark Crossing Apt. 142
Porterstad, AL 90834"
0,626496,Wendy Lewis,20,"Unit 5303 Box 5548
DPO AP 25115"
1,416114,Hunter Porter,28,"31897 Shaun Harbors Apt. 697
New Mikeville, IN 77125"
0,970047,Erika Pierce,56,"2168 Lee Glens Suite 260
Johnside, VT 05034"
1,835339,Jordan Brown,41,"0379 Sarah Brooks Suite 166
West Terrencestad, DC 36935"
0,607046,Carlos Quinn,45,"02950 Alyssa Prairie Suite 859
Weeksview, MO 80418"
1,240387,Brendan Kelley,42,"2344 Mercado Vista Suite 397
Port Kimberly, RI 21251"
0,254469,Emily Taylor,32,"4519 Banks Loaf
Danielshire, MD 02755"
1,738033,Molly Fleming,47,"9327 Melissa Ramp
North Rebecca, MA 40742"
0,155379,Melissa Richardson,48,"USNV Archer
FPO AA 37448"
1,461550,Steve Howard,56,"55527 Faulkner Land Suite 152
Bishoptown, DE 16546"
0,533692,Andrew Andrews,50,"5688 Madison Field
Mooreburgh, CA 26620"
1,265169,Dillon King,58,"85318 Lee Orchard
Lake Jacobborough, MS 10232"
0,466954,Adam Brady,30,"4655 Ortega Course Apt. 123
Katieton, NM 01425"
1,361033,Rachel Ball PhD,30,"122 Samantha Ridge
Coreyburgh, NH 30482"
0,404277,Brian Mercado,48,"28779 Mark Shores Apt. 121
Mcdanielview, MI 25622"
1,560737,James Murphy,23,"711 Parker Curve Apt. 764
Gallagherbury, KS 38288"
0,742272,Danielle Wilson,55,"PSC 7321, Box 2446
APO AP 81148"
1,603111,Jorge Black,56,"72260 Christina Trace Apt. 777
Port Joelstad, WV 50932"
0,123012,Mary Hudson,34,"PSC 9547, Box 3160
APO AE 29010"
1,292637,Kyle Kelley,54,"2203 Stephanie Place Suite 829
Martinezstad, CO 38291"
0,397179,Christine Williams,46,"65271 Mary Cliff Apt. 942
Lake Dawnville, SD 17420"
1,985648,Dawn Reed,22,"725 Brooke Loaf Apt. 043
East Jeffrey, CO 20397"
0,367785,Jonathan Stokes,20,"PSC 7919, Box 1692
APO AP 60272"
1,635651,Kathryn Nguyen,41,"2065 Costa Mountain
Aaronland, HI 47781"
0,409967,Sarah Stone,40,"239 Erica Grove
North Nicholasville, KY 01156"
1,326850,Melanie Underwood,51,"4128 Taylor Flat Suite 476
Wendyborough, NH 53539"
0,330716,Tammy Perry,55,"596 Stout Lane Suite 388
Douglasberg, OH 25713"
1,516216,Michael Allen,48,"317 Michael Parks
West Terrenceborough, KY 10606"
0,534816,Jennifer Myers,38,"9652 Howard Club Apt. 477
Davisfurt, DE 08046"
1,935703,Dr. Christine Gregory MD,27,"28103 Harris Forge Suite 915
Lake Shannonbury, KY 07649"
0,362203,Mary Mendoza,34,"64558 James Centers
Frankhaven, VA 60364"
1,252599,Tiffany Johnson,24,"2336 Marcus Crossing Apt. 955
Reedton, NE 50710"
0,403165,Kathleen Anderson,29,"6292 Brandon Run
Port Jessicafort, OK 24618"
1,800117,Maria Stevens,42,"09062 Jake Meadow Apt. 048
Port Alejandroport, AK 77376"
0,757726,Laura Valentine,34,"327 Cody Roads Suite 426
Jeffreymouth, NJ 34188"
1,131109,Arthur Wall,49,"1653 John Village Suite 924
Murphyside, KS 81517"
0,706281,Daniel Good,56,"3927 Stanton Overpass Apt. 257
South James, UT 99280"
1,153352,Tanya Brown,47,"15708 Paula Dam
Lisafort, DC 95553"
0,234043,Victor Wright,48,"9525 Mccarthy Stream Apt. 060
Clarkchester, WI 55696"
1,626190,Laurie Lindsey,39,"3860 Klein Mall Suite 934
Thompsonchester, ID 84023"
0,442379,Timothy Li,51,"63476 Bell Square
Chavezborough, DC 84112"
1,706938,Kathy Curtis,51,"9809 Jamie Trail
New Mark, AR 84754"
0,375090,Ralph Willis,22,"775 Ortiz Prairie Apt. 474
Juanmouth, WY 18600"
1,621663,Scott Chambers MD,35,"6571 Taylor Mount
Port Danielle, ME 43605"
0,498829,Susan Collier,25,"58732 James Alley
East Jonathan, WI 45843"
1,895081,Jennifer Mahoney,27,"Unit 7389 Box 2869
DPO AA 59640"
0,677633,Joseph Weaver,36,"55479 Laura Bypass Suite 978
Ramirezton, LA 14743"
1,571595,Rachel Roberson,52,"2322 Ross Trafficway
South Coryshire, RI 18770"
0,892590,Alicia Olson,30,"994 Rivera Streets Apt. 282
Port Williamberg, TN 66758"
1,494781,Jamie Thornton,45,"3509 Michael Ville
Perezfurt, AZ 73350"
0,776021,Tonya Andrade,53,"PSC 9673, Box 6507
APO AP 77827"
1,770946,Brandon Rodriguez,51,"21614 Thomas Common Suite 518
Blaketown, FL 50997"
0,454853,Kimberly Reynolds,59,"043 Lori Via
New Jamesborough, KY 26045"
1,478223,Brenda Arnold,48,"762 Cruz Pike
South Danielside, MN 34489"
0,443922,Melissa Lopez,28,"887 Latasha Locks
Welchstad, OH 39525"
1,187713,Nicole Lewis,54,"0963 Underwood Ports Suite 881
New Curtisland, ND 22726"
0,562360,Ronald Green,36,"47798 Dawson Garden Apt. 064
Kyleborough, ND 23925"
1,114775,Jennifer Howell,59,"121 Rodriguez Locks Apt. 120
Gabrielside, KS 56593"
0,266642,Jennifer Martin,23,"PSC 9687, Box 0195
APO AP 13875"
1,835444,Brian Harris Jr.,40,"Unit 0108 Box 4284
DPO AP 28709"
0,788307,Scott Abbott,52,"7176 Ashley Drives Apt. 480
Greenstad, WA 21046"
1,544278,Stephanie Carney,35,"740 Johnny Parkways Apt. 467
New Brenda, OK 55958"
0,143076,Nathaniel Molina,34,"46562 Saunders Estates Suite 121
West Russell, DE 92097"
1,128972,Samantha Humphrey,49,"342 Smith Mountain Suite 594
Port Rebecca, UT 68242"
0,962565,Daniel Jones,37,"PSC 1331, Box 3128
APO AP 13956"
1,350003,Steven Williams,49,"PSC 5434, Box 7652
APO AP 28788"
0,967287,Robert Wall,59,"89642 Jennings Fork Suite 603
Richardsonville, NM 98032"
1,271169,Tiffany Gonzalez,29,"8232 Katherine Mall
Justinside, MT 67840"
0,510774,Melanie Flores,31,"64392 Frank Club Suite 796
Dennisborough, RI 32018"
1,643548,Bradley Wells,34,"16803 Whitney Springs Suite 460
West Joseph, IN 90965"
0,358156,Spencer Johnson,27,"6505 Harvey View Suite 911
New Mary, NE 96189"
1,582981,Fernando Johnson,47,"450 Valentine Knolls Apt. 476
Danielton, MS 05868"
0,425057,Leslie Thompson,37,"Unit 8537 Box 5158
DPO AA 65062"
1,853672,Dustin Flores,33,"5590 Rich Course
Petersonland, OR 40117"
0,291656,Benjamin Carpenter,58,"10620 Lane Unions
East Sherryside, AK 72848"
1,542695,David Smith,56,"5312 Joel Stravenue
Port Amy, ID 89831"
0,222175,Craig Wilson,48,"886 Ferguson Parkways
Heathertown, SD 66977"
1,755193,Jose Anderson,26,"058 Oconnell Pine Apt. 184
Kathrynshire, WY 19330"
0,179103,Mr. Aaron Patterson MD,24,"70634 Nancy Meadows Apt. 089
New Danielberg, SC 11618"
1,276448,David Coleman,21,"6416 Lynch Corners
Robertland, NM 93791"
0,648112,Stephanie Moore,53,"102 Ray Motorway
Johnport, NH 45515"
1,701596,Adam Henderson,41,"USCGC Skinner
FPO AA 25216"
0,423633,Julie Bryant,38,"026 Christopher Creek Apt. 696
West Thomas, IA 15668"
1,399995,Bailey Morgan,21,"425 Kaitlyn Plains
Murphyfort, ME 82075"
0,745463,Spencer Hughes,55,"01950 Jordan Fort
Palmerstad, WI 76057"
1,387760,Daniel Miles,40,"PSC 5979, Box 4664
APO AP 80516"
0,384103,Theresa Delacruz,52,"15054 Logan Square Apt. 006
Port Tim, WV 45982"
1,651598,Pamela Wilson,23,"96353 Brown Dale
South Andrew, AR 49723"
0,672766,Anne Cunningham,37,"64405 Nguyen Spring Apt. 503
Michelleville, FL 39906"
1,263566,Julie Mcgee,50,"8656 Martin Fall Apt. 577
North Nicolechester, NV 36332"
0,315305,Michelle Ochoa,44,"530 Rodriguez Glens
Port Josephview, WV 39118"
1,442589,Elizabeth Montgomery,24,"0136 Steven Villages Suite 074
Victoriachester, PA 16329"
0,396179,Dr. Michelle Fischer MD,21,"USNS Wilkerson
FPO AP 31169"
1,999481,Jennifer Krause,20,"716 Martin Underpass Apt. 836
Albertmouth, TX 80640"
0,977210,David Ross,22,"PSC 3641, Box 9244
APO AA 10546"
1,389047,Samantha Coleman,44,"Unit 4822 Box 4706
DPO AP 24089"
0,328731,Raymond Garcia,22,"59720 Baker Lodge
New Rachelshire, NH 39495"
1,634254,Frank Kramer,22,"Unit 3006 Box 4651
DPO AP 10605"
0,993151,Jeff Melton,37,"06646 Wendy Squares
North Charlesview, HI 88901"
1,460315,Karen Cameron,26,"5671 Hunter Parkways Suite 858
Edwardville, TN 41511"
0,961377,Roger Figueroa,52,"79424 Maria Circles
East Barbara, MI 30939"
1,235233,Christopher Nelson,49,"21611 Lewis Common Apt. 105
Castroport, CT 33864"
0,276475,Brian Diaz,37,"93762 Vanessa Gateway
South Jeffrey, NY 50878"
1,672046,Jacob Lin,26,"391 Johnson Glen Apt. 133
Christianport, TN 04583"
0,728072,Shannon Henry,22,"38412 Castro Walks Apt. 620
East Martha, NE 59821"
1,183974,Robert Cannon,34,"3395 Gene Square Suite 451
East Ericafurt, IA 28844"
0,957504,Dr. Nathan Gross DDS,39,"029 Sara Inlet
West Davidborough, WV 98420"
1,151510,Betty Alexander,33,"631 Bush Mills
Nicholasshire, NC 58159"
0,300726,Louis Taylor,44,"5124 Jacob Fords Apt. 061
Johnport, PA 03637"
1,638569,Valerie Daniels,30,"7951 Briggs Fork
Rileyside, HI 01370"
0,412627,Travis Mccoy,29,"26731 Lopez Forges Apt. 131
Stephaniestad, AR 31271"
1,191685,Frederick Cox,36,"1293 Shannon Landing
South Bradley, CO 41134"
0,688147,Patricia Mosley,47,"6873 Kenneth Knolls Apt. 413
East Mark, DC 09121"
1,413541,Raven Riley,28,"905 Teresa Manors Suite 965
East Lindaburgh, VA 81782"
0,598913,John Wright,28,"7531 Spears Corner
Maryville, WI 42808"
1,842328,Kristina Newton,55,"22752 Moore Groves
Coryton, NH 09074"
0,863071,Zachary Vang,43,"836 Nathan Islands Suite 484
North Derekview, MN 88725"
1,813184,John Schmidt,54,"3915 Moran Court Apt. 129
Clintonborough, ID 38314"
0,502680,Shawn Rodriguez,55,"PSC 5280, Box 0512
APO AP 64222"
1,458419,Ruben Preston,34,"USNV Gray
FPO AP 95708"
0,537376,Robert Sullivan,30,"795 Miguel Ports
Elizabethtown, IL 70399"
1,210749,Elizabeth Maldonado MD,41,"239 Rowland Corner Apt. 832
Lake Jennifer, HI 76414"
0,472194,Michael Johnson,28,"5913 Joe Shoals Apt. 151
Catherineton, MT 60442"
1,687571,Elizabeth Peters,24,"87330 Meyer Square Apt. 524
Lake Angela, MN 99947"
0,968050,Jesse Boyd,26,"5602 Mcdonald Meadows Suite 613
Pedrofort, MO 02141"
1,387877,Jamie Guerra,55,"965 Short Ports Suite 183
Brownview, OK 34801"
0,601674,Angela Calderon,52,"USNS Berger
FPO AA 32882"
1,902901,Robert Perkins,25,"562 Colleen Burgs Apt. 774
Nathanielfurt, NJ 17242"
0,915747,Jenna James,22,"USNV Small
FPO AA 97321"
1,579748,Laura Townsend,23,"Unit 0066 Box 2027
DPO AE 70909"
0,584292,James Bryant,23,"14460 Martin Canyon Apt. 368
Carterborough, AR 14580"
1,849455,Robert Sherman,47,"053 Foley Radial Suite 794
West Dustinside, WY 40083"
0,381457,Jennifer Duran,36,"197 Ruiz Neck
West Gregorymouth, AK 68315"
1,468334,Ashley Yates,57,"5515 Welch Curve
Wagnermouth, GA 99518"
0,885005,Christopher Roberts,56,"750 Davis Ramp
Ramirezmouth, DE 02317"
1,668257,Emily Johnson,40,"520 Christina Highway Apt. 033
South Andrew, DE 58847"
0,723038,Debra Franco,22,"5837 Rose River Suite 381
North Jeannehaven, ID 70055"
1,506182,Deanna Reed,34,"934 Reeves Light
Chenberg, NC 85628"
0,508691,Heather Koch,48,"PSC 7713, Box 2683
APO AP 08517"
1,231731,Laurie Bush,35,"3583 Melanie Meadow Suite 569
Melissatown, MN 64281"
0,438462,Laura Koch,29,"557 April Brook Apt. 048
Samanthaville, IN 44195"
1,774188,Michael Cooke,46,"PSC 1678, Box 7104
APO AE 76178"
0,768414,Amber Carpenter DDS,28,"Unit 9935 Box 5645
DPO AE 62530"
1,394446,Jeffery Rojas,37,"6465 King Road Suite 235
Thomashaven, MI 00696"
0,179098,Vickie Smith,20,"9613 Wang Radial Apt. 502
New Justinburgh, MT 19706"
1,948584,Nicole Schwartz,30,"73852 David Prairie Suite 526
North Pamela, NJ 23649"
0,526036,Natasha Ellis,43,"743 Garrett Stravenue
South Stephanieshire, AK 67681"
1,613583,Kyle Reid,46,"9536 Horton Lights
North Brandonhaven, SD 04672"
0,608243,Danielle Baker,39,"477 Shepard Groves
Richardside, DE 50973"
1,577486,Cassandra Johnson,38,"95599 Farmer Shoal
Andrewfurt, TX 12811"
0,638026,Alicia Campbell,23,"764 Castillo Ford Apt. 862
South Jefferybury, TN 92965"
1,785232,Jeffery Harris,59,"130 Matthew Circle Suite 891
South Jose, SD 28780"
0,972925,Mark Smith Jr.,35,"176 Tran Crest
Meyerland, MO 15554"
1,342328,Tammy Hawkins,48,"683 Collins Fall Suite 944
Millerport, MD 70862"
0,201300,Janet Stewart,38,"23646 Stephanie Motorway
Sanchezmouth, CT 08465"
1,604687,Taylor Payne,55,"42546 Anthony Drives
Amandaside, OR 20260"
0,401737,Steven Adams,59,"706 James Center
Kellyhaven, NC 04949"
1,440638,Andrew Villegas,37,"935 Perez Highway Apt. 352
Weaverberg, NE 47768"
0,887126,Louis Li,34,"79478 Kenneth Route Apt. 725
East Randy, ND 71384"
1,324410,Candice Martinez,42,"9960 Burgess Tunnel Apt. 459
North Melissa, RI 18989"
0,896043,Kyle Powell,21,"284 Mccullough Flats
North Jared, DC 25274"
1,439688,Chloe Foster,41,"32339 Mann Street
South Cliffordbury, MI 20139"
0,631313,Lisa Fernandez,54,"8066 Erin Course
Campbellshire, CA 18425"
1,603446,Jessica Johnson,40,"7098 Elizabeth Canyon
New Jeffreyshire, OK 68191"
0,224245,Matthew Cochran,27,"PSC 5867, Box 7652
APO AP 62819"
1,361962,Amanda Conway,45,"6605 Mark Avenue
Lake Katiechester, CA 27987"
0,785151,Andrew Stephens,56,"0498 Higgins Groves Suite 460
East Jenniferfort, NE 61218"
1,877799,Ashley Castro,54,"348 Waters Parkway Suite 076
Nathanbury, OR 26314"
0,798643,Nicholas Santiago,41,"8757 Benjamin Branch
West Thomas, SC 21850"
1,787088,Jamie Oliver,46,"52327 Crosby Pine
Kelleytown, SD 28843"
0,811936,Michael Montoya,40,"200 Ward Gateway Suite 740
Angelabury, FL 12642"
1,534199,James Ingram,34,"319 John Isle Suite 085
Paulfort, MA 72904"
0,220182,Derek Hamilton,44,"PSC 3741, Box 7186
APO AA 83911"
1,846969,Frank Baker,58,"81051 Thompson Plaza
Yateston, CT 51509"
0,847568,Michael Shaw,31,"07752 Chase Forks Suite 312
Osbornemouth, MA 09231"
1,329321,Matthew Bryan,38,"07941 William Springs Apt. 242
Georgechester, AL 07631"
0,298578,Thomas Carpenter,53,"899 Gregory Flat
Jeffreychester, MD 91740"
1,379684,Heather Alvarado,54,"315 Ferrell Light
New Michelle, OR 48517"
0,544043,Anna Dunn,34,"USNS Hunter
FPO AP 11309"
1,678090,Michelle Brown,21,"69914 Stephanie Wall
East Brandonfurt, NE 04092"
0,194113,Scott Huffman,20,"00266 Diana Station
Lake Cody, PA 74289"
1,517884,Michael Smith,30,"46235 Terrell Heights Suite 163
North Cynthia, ND 81055"
0,936333,Sarah Avery,33,"772 Randy Summit Apt. 649
Chapmanmouth, WV 88602"
1,710251,Justin Jimenez,42,"48690 Coleman Drives
New Edwardmouth, CO 94666"
0,709057,Lauren Dixon,32,"876 Shawn Junctions Suite 209
Smithhaven, NJ 15919"
1,605632,Anita Burke,53,"103 Carmen Street
Lake Stephenburgh, ND 11167"
0,906609,Stacey Henry,28,"1572 Karen Passage Apt. 523
Monicaberg, CA 49684"
1,623079,Nicholas Jensen,31,"PSC 5736, Box 1684
APO AE 04083"
0,187080,Lorraine Smith,46,"6651 Taylor Isle
New Brooke, CT 06838"
1,285467,Karen Simmons,52,"9371 Tyler Ranch
New Ashleyfurt, VT 88304"
0,550136,Michael Ward,23,"85164 Richard Crossroad Suite 603
Bairdview, ME 14612"
1,325706,Kelly James,32,"2835 Vicki Motorway
Christineland, ME 47602"
0,897724,Dakota Freeman,48,"Unit 2021 Box 2558
DPO AE 92556"
1,781141,Mason Walker,53,"PSC 6032, Box 1394
APO AA 54270"
0,723691,Carrie Blair,45,"2557 Moss Plain Apt. 346
Thompsonfort, SC 71037"
1,596855,Jeffery Alexander,39,"USCGC Johnson
FPO AE 52805"
0,689044,Kimberly Stevens,32,"USNS Warner
FPO AP 04895"
1,331299,Andrew Harris,57,"USCGC Norman
FPO AA 08760"
0,777093,James Ferguson,34,"526 Jeremy Expressway
Port Paulville, PA 17233"
1,312085,Kelly Jones,30,"23930 Gonzales Road
West Valerie, MD 18778"
0,501034,Robert Mccarthy,34,"29404 Sarah Inlet Suite 446
Johnsonborough, TN 41417"
1,553835,Larry Miller,20,"568 Caldwell Locks
West Justinshire, NY 86501"
0,254016,Ms. Jessica Lindsey DDS,26,"28469 Smith Station Apt. 784
East Johnchester, SD 95137"
1,303704,Angela Ward,51,"995 Elizabeth Forges
Warefort, MI 53378"
0,319825,Christopher Johnson,24,"520 Anthony Divide
New Laura, ME 59934"
1,707798,Robert Weeks,43,"625 Matthew Wells Suite 816
West Marissa, DE 48594"
0,578312,Charles Hull,41,"47232 Thomas Mission Suite 888
Lake Christybury, VA 04776"
1,483257,Maria Smith,30,"903 White Parkways
North Laurastad, PA 97258"
0,496313,David Wilson,24,"85744 Martinez Roads
West Stephanie, MD 92267"
1,722260,Mark Macias,52,"565 Dustin Square Suite 666
Lake Crystalside, OH 79967"
0,993868,Jacqueline Burke,37,"48709 Janice Garden
Joshuamouth, UT 74477"
1,648602,Patricia Miller,31,"3011 Carolyn Land Suite 818
South George, WI 29516"
0,251685,Michael Smith,54,"USS Johnson
FPO AE 46934"
1,202553,Shane Jimenez,40,"855 Grant Track Apt. 513
New Kimberlybury, HI 25489"
0,443582,Taylor Everett,36,"2905 Johnson Trail
Stephanieborough, SD 34354"
1,214494,Melissa Walker,55,"526 Jackson Springs
East Michaelchester, IN 73770"
0,133338,Jamie Fox,36,"92730 Aaron Mount Suite 155
Adammouth, IN 06486"
1,972941,Sarah Evans,56,"33974 Ariana Motorway
Davidberg, NV 36982"
0,831997,Adriana Cochran,29,"287 Garcia Branch
Landryshire, DE 17558"
1,658891,Joseph Wall,53,"9592 Margaret Summit Suite 243
Millerton, ID 75664"
0,798766,Marcus Rogers,57,"13614 Nicholas Stream
Chapmanton, ME 90632"
1,979127,Christopher Shelton,56,"USCGC Hamilton
FPO AE 40353"
0,456028,James Acosta,33,"46901 Lee Meadows
Dawnfurt, KY 68575"
1,479447,Randall White,36,"59290 Smith Groves
East Stephanie, FL 52969"
0,447774,Tina Potter,58,"5603 Beth Mount
East Shirley, UT 02926"
1,184680,Timothy Washington,59,"49029 Danielle Meadow Suite 246
Hugheston, ME 93872"
0,181038,Elizabeth Nelson,25,"45829 Kathleen Parks Apt. 276
Paulbury, MI 57546"
1,305819,Derrick Berg,31,"141 Ruiz Harbors Apt. 753
Weaverbury, OK 37131"
0,951997,Dustin Webb,44,"1341 Mark Forest
North Michael, MD 46211"
1,525566,Brenda Thompson,37,"0309 James Ridge Suite 039
Littleberg, NH 69260"
0,570444,David Thomas,37,"686 Michael Prairie
Port Amber, KS 46136"
1,615861,Amber Sexton,50,"479 Todd Wells Apt. 481
New Kaylabury, WY 22794"
0,377370,Thomas Rodriguez,20,"8668 Steven Land Suite 847
Williamland, TN 88017"
1,519666,David Crawford,43,"PSC 6292, Box 7523
APO AP 74074"
0,566962,Anna Schaefer,40,"PSC 0490, Box 2774
APO AE 59145"
1,311827,Dustin Baird Jr.,33,"81171 Kimberly Point
South Wendybury, WA 54426"
0,139743,Dana Jones,37,"753 Cameron Lake Apt. 177
Thomasland, MO 03524"
1,389107,Michael Thompson,45,"8017 Samantha Dale Apt. 700
Donnaport, MS 14362"
0,223946,Alexis Warren,42,"1880 Amanda Cliffs
Garciaview, WV 80792"
1,754916,Jose Joseph,49,"594 Seth Key Suite 247
South Zachary, KY 73475"
0,216396,David Hill,22,"1999 Catherine Lock
Nicoleburgh, WA 73535"
1,408268,Michelle Lucas,49,"64861 Jared Cliff
Port Sean, ME 14881"
0,797776,Kristina Jones,37,"570 Karina Lakes
Mariabury, WI 47421"
1,172663,Carol Mullins,50,"179 Price Trail
Bairdhaven, NE 30732"
0,675936,Harold Simmons,26,"2967 Smith Orchard Suite 689
New Gina, AL 65698"
1,119806,Regina Lopez,57,"9241 Martinez Manors
Jakeberg, MI 26150"
0,626511,Holly Delgado,29,"378 Melissa Island Apt. 388
South Robert, DE 26309"
1,619885,Sarah Montoya,36,"6864 Yang Wall
Kathleenchester, CO 53241"
0,417108,Mary Arroyo,36,"USS Perez
FPO AE 74861"
1,383403,Corey Johnson,34,"530 Myers Ridge
Jarvisport, CA 11522"
0,924602,Preston Rogers,28,"27721 Benitez Island Apt. 845
Tracyhaven, PA 59373"
1,461538,Angela Blake,40,"669 Barton Loaf
Ramirezfort, AK 21360"
0,386944,John Garner,50,"1240 Bentley Mills Suite 276
Port Brian, VA 13663"
1,359203,Steven Harrison,45,"41848 Fischer Pine Apt. 658
Port Derekview, CA 89953"
0,926662,Joshua Wright,57,"5106 Black Terrace Suite 101
Zacharyfort, ME 97290"
1,723675,Tracy Thomas,39,"088 Jill Plaza
North Amyhaven, ID 70003"
0,605529,Elizabeth Phillips,56,"221 Jeffrey Cape
Christopherfurt, NY 45008"
1,535855,Andrew Hall,59,"206 Nguyen Parkway Suite 192
Kimhaven, IN 45547"
0,255763,Tina Smith,48,"14184 Lawrence Creek
Carlosburgh, SC 94922"
1,795863,Samuel Dominguez,42,"58700 Derek Cape
Briannaport, MT 12560"
0,909145,Julie Taylor,39,"9174 Christine Rue
Lake Jennifer, DC 34604"
1,149266,Lacey Chavez,54,"68618 Brown Courts Apt. 123
East Riley, CT 09576"
0,168642,Chad Reynolds,49,"67914 Brown Cove Apt. 003
Danieltown, NH 37693"
1,556120,Levi Wallace,27,"4635 Todd Greens Suite 284
Browningport, ID 31477"
0,464682,Thomas Baker,49,"39102 Hurst Mills Suite 453
South Brittany, NH 85847"
1,527326,Katherine Rodriguez,25,"62620 Malone Prairie Suite 055
South Samantha, MS 86498"
0,456689,Andrea Mccall,46,"9185 Dustin Mission
Adamschester, UT 51889"
1,761733,Damon Flynn,31,"747 Jason Camp Suite 787
Nicholaschester, IL 21167"
0,848609,David Johnson,58,"3549 Brooks Locks Suite 551
Rachelmouth, MT 34345"
1,944563,Dr. Michelle Garcia,38,"88596 Maddox Club
Brittanymouth, DE 64069"
0,806650,Patrick Keller,40,"USS Aguilar
FPO AA 72236"
1,349859,Ebony Alvarado,30,"64177 Jeremiah Shore
Lake Luishaven, WV 28577"
0,828678,Mary Mann,24,"616 Collins Cliff Suite 660
South William, MD 52593"
1,139415,Terry Burns,44,"7732 Cathy Falls Suite 588
Lake Markhaven, MA 03536"
0,501670,Clayton Walker,59,"USNV Jenkins
FPO AP 84840"
1,281542,Mrs. Joanne Small,59,"50068 Neal Path Apt. 965
Hernandezbury, WV 35828"
0,396582,Susan Clark,31,"307 Devin View Suite 071
Pricehaven, WV 58045"
1,403486,Renee Carlson,31,"459 Pearson Trafficway
North Kristy, RI 41591"
0,412217,Melissa Hopkins,38,"USNS Townsend
FPO AA 99901"
1,582657,Jason Velasquez,22,"3644 Steven Run
East Pennybury, WY 71236"
0,385434,John Hill,49,"550 Ortiz Heights
Bowmanside, WY 99010"
1,526603,Michelle Jefferson,32,"083 Gonzales Burgs Apt. 630
Martinton, NY 10199"
0,268364,Evan Hayes,44,"72467 Allen Flat Apt. 356
Christopherland, MS 29725"
1,453963,Russell Robertson,59,"179 Angelica Light Suite 897
Monicaport, MO 34271"
0,552050,Benjamin Simmons,38,"895 Roberson Bypass
South Andrew, WY 72808"
1,310918,Regina Cooper,41,"57195 Colleen Mountain
North Richardside, OK 00990"
0,874413,Tammy Wilson,34,"Unit 9968 Box 8145
DPO AP 21522"
1,430063,Michelle Chase,30,"526 Rich Locks Apt. 616
Perryport, SD 14093"
0,256426,Aaron Michael,35,"1484 Joy Turnpike Apt. 188
Johnsonfort, GA 67163"
1,495176,Jenna Thomas DDS,55,"4871 Baldwin Unions
West Edward, WA 88804"
0,226353,Christine Perry,31,"0211 Martin Trafficway Suite 823
East Robert, AR 57748"
1,311089,Julie Powers,34,"589 Smith Crest
East Alan, WA 87118"
0,669429,Melissa Walsh,31,"72725 Foster Unions Suite 720
Marcushaven, AZ 35980"
1,211284,Wendy Andrews,54,"762 Derek Plaza Suite 673
New Timothytown, UT 65679"
0,895094,Billy Stewart,25,"1285 Roger Pine Suite 866
Port Carrieberg, DE 33485"
1,402837,Anthony Williams,27,"0121 Yolanda Cove Suite 602
Evansberg, DC 97412"
0,630212,Daniel Elliott,42,"69587 Holt Trail
Port Lawrencefort, RI 83965"
1,687308,Timothy Montgomery,33,"83628 Stephanie Square
East Kristenmouth, OK 87149"
0,679828,Peggy Spencer,25,"Unit 9613 Box 1207
DPO AA 52323"
1,880719,Michelle Nguyen,33,"13705 Lee Mills Apt. 511
South Ericville, NH 08095"
0,852240,Amber Black,46,"2979 Green Bypass
Annabury, VT 81953"
1,871959,Denise Barnes,40,"8716 Vanessa Hollow
East Renee, MA 86217"
0,964740,Vicki Anderson,44,"68642 Tara Estates Apt. 029
South Sandra, DE 12455"
1,641195,Christopher Pena,54,"245 Kylie Islands
Lake Brian, CO 42286"
0,829236,Gregory Green,34,"7415 William Roads
Robinsonchester, IA 82613"
1,859422,Wendy Suarez,32,"2192 Duffy Lights
North Allisonton, LA 08292"
0,645438,Jamie Shelton,50,"1826 Daniel Circle Suite 284
East Michaelburgh, TN 70683"
1,247342,Kevin May,54,"PSC 2849, Box 4130
APO AP 36899"
0,838727,Matthew Lewis,29,"346 Jillian Inlet
North Christinahaven, CA 89366"
1,271758,Danielle Rangel,39,"897 Caroline Shoal Apt. 027
New Thomasmouth, DC 13329"
0,960740,Anthony Burton,54,"397 Darlene Greens Apt. 217
Williamview, AK 26541"
1,291046,Amy Brown,39,"1976 Hamilton Lodge
Davidtown, RI 18320"
0,543213,Cheryl Jones,28,"USNS Mullen
FPO AA 28993"
1,681144,Kathleen Erickson,46,"40612 William Harbors
South Christopher, DC 73786"
0,933449,Charles Ford,49,"715 Scott Ports Apt. 988
South Debra, AK 29135"
1,792651,Shane Thompson,28,"515 Ashley Prairie Suite 363
Frystad, FL 56774"
0,553052,Vickie Wood,29,"789 Kathy Parkway
Port Ericaview, SC 10323"
1,635925,Charlene Cohen,42,"4790 Rachel Spur
Mckeefort, DE 71246"
0,664546,Joseph Harvey,53,"68607 Brett Lights
Coltonberg, CT 79392"
1,117040,Marvin Simon,20,"PSC 4997, Box 9654
APO AA 45070"
0,813248,Jill Davila,44,"743 Albert Row Apt. 658
Port Kristaburgh, GA 03120"
1,157942,Scott Hall,40,"3917 Potter Stravenue
West Melinda, NC 51006"
0,337016,Stephanie Weaver,59,"66836 Paul Field Suite 464
Jessicatown, UT 96576"
1,421054,Crystal Jenkins,50,"361 Benjamin Shore Suite 305
West Antonio, ID 86301"
0,782634,Jason Skinner,55,"03206 Felicia Road
West Lauraport, NH 36687"
1,674183,Steven Barnett,51,"510 Brandon Park
North Ericberg, WV 81259"
0,525460,Daniel Fox,24,"3072 Rachel Islands Apt. 933
Bellmouth, AR 64511"
1,513410,Kevin Allen,37,"08766 Reginald Gateway
Collierview, WI 70541"
0,867842,Anthony Jones,53,"271 Madeline Fords
Lake Ashleytown, VT 12117"
1,537787,Todd Cantu,52,"9092 Hannah Fork
West Rhondaside, GA 97977"
0,857470,Terri Burton,59,"709 Samuel Greens Apt. 406
Thomasstad, NC 50859"
1,806043,Eddie Cohen,43,"949 Rachel Road
Christopherton, IL 86789"
0,643723,Shannon Rodriguez,20,"060 Suarez Stream Suite 558
Morrisstad, WV 87527"
1,202462,Sharon Bowen,53,"6557 Theresa Manor
Port Jasonberg, CA 60059"
0,774498,Michael Farley,25,"26651 Jennings Haven
Fosterhaven, AR 81960"
1,346192,Garrett Cole MD,47,"76828 David Estate
Jeffreyside, NV 91782"
0,668284,Robin Anderson,28,"22670 Kyle Rest Suite 511
Morganberg, NJ 55838"
1,325170,Matthew Terry,45,"571 Douglas Lakes
Hodgeside, RI 73605"
0,731517,Brian Richardson,20,"PSC 2747, Box 8467
APO AP 19934"
1,826297,Brittany Mitchell,48,"364 Lopez Isle Suite 677
Lake Colleenhaven, DC 04579"
0,730229,Angela Bishop,58,"61661 Rojas View
Brownstad, OR 72108"
1,515077,Amanda Mccoy,23,"9455 Tara Tunnel
Sophiahaven, CT 91071"
0,368149,Jessica Mendez,20,"37911 Brooks Divide
Nataliechester, SD 52775"
1,161599,Virginia Lin,47,"USCGC Foster
FPO AA 26566"
0,771223,Courtney Doyle,35,"74351 Elizabeth Ways Apt. 738
Thomasview, NY 02581"
1,347043,Ernest Jenkins,40,"30395 Matthews Mill
Mcintoshmouth, TX 29539"
0,926696,Victoria Martinez DDS,59,"428 Nicole Track Suite 366
Calderonmouth, WY 46236"
1,755982,Robert Hayes,56,"Unit 8006 Box 8798
DPO AE 28855"
0,544193,Lauren Thompson,44,"692 Perez Mountain
West Amber, WI 11481"
1,380829,Brandon Lynch,29,"36029 Barbara Lights Suite 258
Davidmouth, MT 40358"
0,348928,Debbie Pope,24,"69052 Martinez Cliff
West Christophermouth, MN 17167"
1,343866,Tim Jones,26,"Unit 3410 Box 5633
DPO AE 42348"
0,956228,Isaac Smith,40,"3084 Caldwell Drive
Krausechester, WV 60269"
1,143953,James Norris,56,"39585 Mark Centers Apt. 747
Sarahshire, OR 17651"
0,745866,Mark Ford,42,"PSC 3503, Box 6234
APO AA 08082"
1,902892,Andrew Perkins,39,"75461 Yolanda Plains
Dawsonshire, MN 52595"
0,215994,Kristin Erickson,30,"51611 Leroy Trafficway Suite 447
Port Brittany, ND 38439"
1,223227,Bryan Ellis,56,"43883 David Springs
New Edward, SC 20376"
0,958823,Katherine Adams,26,"31485 Thompson Neck
North Jenniferview, WI 74739"
1,932484,Kathleen Wilkins,48,"023 Brian Loop Apt. 133
North Catherine, NV 22583"
0,282883,Peggy Werner,36,"40127 Jones Expressway Apt. 263
Gregorybury, CO 42499"
1,380548,Kevin Murphy,21,"39601 April Vista
North Donnachester, MT 86192"
0,251953,Sergio Green,45,"34492 Holly Springs Apt. 962
Alisonfurt, WA 83492"
1,734075,Alejandra Gilbert,56,"9415 Johnson Mills
Andrewmouth, SC 26265"
0,109815,Latoya Gomez,50,"1866 David Port Apt. 387
Erinberg, RI 68944"
1,720898,Toni Black,36,"5784 Mary Springs
Port Megan, WV 28983"
0,855531,Philip Bauer,23,"753 Stacy Groves Apt. 012
Hannahside, NY 64550"
1,629700,Aaron Macdonald,31,"9168 David Ridges Apt. 940
West Kennethview, CO 55154"
0,621276,Mr. Jason Hutchinson,25,"34410 Michael Key Suite 009
Carolynborough, TN 75555"
1,772182,Charles Oneal,55,"15855 Hernandez Mews
Port Jose, ME 89729"
0,784331,Jennifer Martinez,34,"2515 Castro Canyon Suite 398
Coxhaven, ID 84025"
1,274622,Aaron Kelley,40,"6724 Myers Stream
Port Royview, UT 31997"
0,934133,Kyle Hopkins,25,"Unit 7495 Box 2693
DPO AE 28946"
1,995750,Karen Alexander,35,"070 Sarah Lights Suite 843
Kevinbury, MN 48848"
0,177858,Alison Rangel,57,"8448 Greene Wall Apt. 974
Port Madison, SC 61253"
1,805501,Sara Wiggins,40,"3087 Newman Inlet
East Kevintown, NH 31645"
0,583118,Dalton Walker DVM,39,"701 Wells Island
Tylertown, MI 57211"
1,795347,Andrew Collins,45,"502 Amy Lodge Apt. 531
Gordonfurt, DE 37229"
0,478257,Sarah Sweeney,54,"969 Williams Inlet
West Albert, MT 19325"
1,803447,Lori Jensen,40,"37914 Breanna View
East Sydneyburgh, MI 76322"
0,844039,Carol Lewis,29,"923 Julie Ridge Suite 598
Port Danielfurt, IL 53367"
1,253863,Christina Bailey,57,"0803 Jones Village
Joshuachester, WV 02558"
0,787325,Tracy Bean,35,"4994 Brown Plains
Ruizchester, ID 80223"
1,184532,Stephanie Owens,21,"40143 Kathryn Plains Apt. 664
Heatherborough, WA 58862"
0,663140,Elizabeth Osborne,27,"1949 Robinson Estate
Ferrellside, CO 54440"
1,199607,Mary Rios,49,"131 Kara Hills
Port Dianehaven, WY 23494"
0,255861,Catherine Smith,37,"8013 Joel Bypass Suite 783
Greenborough, CO 84291"
1,259828,Anna Benjamin,38,"66693 John Curve
Suttontown, ID 46970"
0,586601,Randy Stanley,35,"791 Taylor Knolls
North Johnbury, IA 05337"
1,564219,Melissa Miller,20,"3016 Robert Points
Port Denise, MD 25547"
0,502663,Kristin Campos,38,"23792 Maurice Rue Suite 335
Lake Miguelville, RI 78673"
1,215806,Kenneth Williams,55,"3727 Rodriguez Drive Apt. 871
East Brianland, GA 69065"
0,366572,Tiffany Wilson,54,"USNS Williams
FPO AP 97624"
1,441924,Christina Brown,47,"5846 Aaron Pine Suite 491
Paulhaven, TN 31773"
0,376792,Jillian Green,40,"68020 Tony Groves Suite 215
Brendaton, AZ 89453"
1,556301,Andrea Glover,23,"69113 Rocha Park
New Nicholas, OK 16273"
0,487249,Luis Oneal,42,"Unit 9850 Box 6951
DPO AA 02225"
1,847501,Erin Garza,58,"19516 Kayla Tunnel Apt. 171
Ronaldfurt, AK 07095"
0,558633,Jennifer Chase,28,"PSC 3446, Box 9569
APO AA 17663"
1,134056,Jessica Santana MD,20,"376 Evans Canyon
New Brett, MO 25832"
0,930722,Ronald Miller,20,"4303 Steven Parkways
East Bethmouth, FL 83427"
1,307449,Stephanie Green,31,"78971 Fuller Ville Apt. 815
Ryanburgh, NY 38728"
0,549131,Jennifer Allen,47,"46879 Cox Parkways Apt. 443
East Michaelborough, MD 11739"
1,500558,Crystal Ryan,44,"192 Rodriguez Lock
Phillipsborough, NC 10900"
